movieNm_detail,gender,age,request_body,response
스노우 폭스2: 몬스터타운 구하기,m,2,"{'startDate': '2025-03-27', 'endDate': '2025-05-26', 'timeUnit': 'week', 'keywordGroups': [{'groupName': '스노우 폭스2: 몬스터타운 구하기', 'keywords': ['스노우 폭스2: 몬스터타운 구하기', 'Arctic Dogs : The Magic Portal', 'Il portale magico']}], 'gender': 'm', 'ages': ['2']}","{""startDate"":""2025-03-24"",""endDate"":""2025-06-01"",""timeUnit"":""week"",""results"":[{""title"":""스노우 폭스2: 몬스터타운 구하기"",""keywords"":[""스노우 폭스2: 몬스터타운 구하기"",""Arctic Dogs : The Magic Portal"",""Il portale magico""],""data"":[{""period"":""2025-04-21"",""ratio"":86.8421},{""period"":""2025-04-28"",""ratio"":94.73684},{""period"":""2025-05-05"",""ratio"":100},{""period"":""2025-05-12"",""ratio"":18.42105},{""period"":""2025-05-19"",""ratio"":7.89473}]}]}"
스노우 폭스2: 몬스터타운 구하기,m,3,"{'startDate': '2025-03-27', 'endDate': '2025-05-26', 'timeUnit': 'week', 'keywordGroups': [{'groupName': '스노우 폭스2: 몬스터타운 구하기', 'keywords': ['스노우 폭스2: 몬스터타운 구하기', 'Arctic Dogs : The Magic Portal', 'Il portale magico']}], 'gender': 'm', 'ages': ['3']}","{""startDate"":""2025-03-24"",""endDate"":""2025-06-01"",""timeUnit"":""week"",""results"":[{""title"":""스노우 폭스2: 몬스터타운 구하기"",""keywords"":[""스노우 폭스2: 몬스터타운 구하기"",""Arctic Dogs : The Magic Portal"",""Il portale magico""],""data"":[{""period"":""2025-04-21"",""ratio"":26.38888},{""period"":""2025-04-28"",""ratio"":100},{""period"":""2025-05-05"",""ratio"":66.66666},{""period"":""2025-05-12"",""ratio"":8.33333},{""period"":""2025-05-19"",""ratio"":5.55555}]}]}"
스노우 폭스2: 몬스터타운 구하기,m,4,"{'startDate': '2025-03-27', 'endDate': '2025-05-26', 'timeUnit': 'week', 'keywordGroups': [{'groupName': '스노우 폭스2: 몬스터타운 구하기', 'keywords': ['스노우 폭스2: 몬스터타운 구하기', 'Arctic Dogs : The Magic Portal', 'Il portale magico']}], 'gender': 'm', 'ages': ['4']}","{""startDate"":""2025-03-24"",""endDate"":""2025-06-01"",""timeUnit"":""week"",""results"":[{""title"":""스노우 폭스2: 몬스터타운 구하기"",""keywords"":[""스노우 폭스2: 몬스터타운 구하기"",""Arctic Dogs : The Magic Portal"",""Il portale magico""],""data"":[{""period"":""2025-04-21"",""ratio"":45.83333},{""period"":""2025-04-28"",""ratio"":79.16666},{""period"":""2025-05-05"",""ratio"":100},{""period"":""2025-05-12"",""ratio"":9.72222},{""period"":""2025-05-19"",""ratio"":6.94444}]}]}"
스노우 폭스2: 몬스터타운 구하기,m,5,"{'startDate': '2025-03-27', 'endDate': '2025-05-26', 'timeUnit': 'week', 'keywordGroups': [{'groupName': '스노우 폭스2: 몬스터타운 구하기', 'keywords': ['스노우 폭스2: 몬스터타운 구하기', 'Arctic Dogs : The Magic Portal', 'Il portale magico']}], 'gender': 'm', 'ages': ['5']}","{""startDate"":""2025-03-24"",""endDate"":""2025-06-01"",""timeUnit"":""week"",""results"":[{""title"":""스노우 폭스2: 몬스터타운 구하기"",""keywords"":[""스노우 폭스2: 몬스터타운 구하기"",""Arctic Dogs : The Magic Portal"",""Il portale magico""],""data"":[{""period"":""2025-04-21"",""ratio"":24.27184},{""period"":""2025-04-28"",""ratio"":82.52427},{""period"":""2025-05-05"",""ratio"":100},{""period"":""2025-05-12"",""ratio"":6.79611},{""period"":""2025-05-19"",""ratio"":5.82524}]}]}"
스노우 폭스2: 몬스터타운 구하기,m,6,"{'startDate': '2025-03-27', 'endDate': '2025-05-26', 'timeUnit': 'week', 'keywordGroups': [{'groupName': '스노우 폭스2: 몬스터타운 구하기', 'keywords': ['스노우 폭스2: 몬스터타운 구하기', 'Arctic Dogs : The Magic Portal', 'Il portale magico']}], 'gender': 'm', 'ages': ['6']}","{""startDate"":""2025-03-24"",""endDate"":""2025-06-01"",""timeUnit"":""week"",""results"":[{""title"":""스노우 폭스2: 몬스터타운 구하기"",""keywords"":[""스노우 폭스2: 몬스터타운 구하기"",""Arctic Dogs : The Magic Portal"",""Il portale magico""],""data"":[{""period"":""2025-04-21"",""ratio"":44.32432},{""period"":""2025-04-28"",""ratio"":84.86486},{""period"":""2025-05-05"",""ratio"":100},{""period"":""2025-05-12"",""ratio"":5.4054},{""period"":""2025-05-19"",""ratio"":5.4054}]}]}"
스노우 폭스2: 몬스터타운 구하기,m,7,"{'startDate': '2025-03-27', 'endDate': '2025-05-26', 'timeUnit': 'week', 'keywordGroups': [{'groupName': '스노우 폭스2: 몬스터타운 구하기', 'keywords': ['스노우 폭스2: 몬스터타운 구하기', 'Arctic Dogs : The Magic Portal', 'Il portale magico']}], 'gender': 'm', 'ages': ['7']}","{""startDate"":""2025-03-24"",""endDate"":""2025-06-01"",""timeUnit"":""week"",""results"":[{""title"":""스노우 폭스2: 몬스터타운 구하기"",""keywords"":[""스노우 폭스2: 몬스터타운 구하기"",""Arctic Dogs : The Magic Portal"",""Il portale magico""],""data"":[{""period"":""2025-04-21"",""ratio"":43.3526},{""period"":""2025-04-28"",""ratio"":99.42196},{""period"":""2025-05-05"",""ratio"":100},{""period"":""2025-05-12"",""ratio"":8.3815},{""period"":""2025-05-19"",""ratio"":5.20231}]}]}"
스노우 폭스2: 몬스터타운 구하기,m,8,"{'startDate': '2025-03-27', 'endDate': '2025-05-26', 'timeUnit': 'week', 'keywordGroups': [{'groupName': '스노우 폭스2: 몬스터타운 구하기', 'keywords': ['스노우 폭스2: 몬스터타운 구하기', 'Arctic Dogs : The Magic Portal', 'Il portale magico']}], 'gender': 'm', 'ages': ['8']}","{""startDate"":""2025-03-24"",""endDate"":""2025-06-01"",""timeUnit"":""week"",""results"":[{""title"":""스노우 폭스2: 몬스터타운 구하기"",""keywords"":[""스노우 폭스2: 몬스터타운 구하기"",""Arctic Dogs : The Magic Portal"",""Il portale magico""],""data"":[{""period"":""2025-04-21"",""ratio"":36.58536},{""period"":""2025-04-28"",""ratio"":100},{""period"":""2025-05-05"",""ratio"":96.34146},{""period"":""2025-05-12"",""ratio"":5.69105},{""period"":""2025-05-19"",""ratio"":4.87804}]}]}"
스노우 폭스2: 몬스터타운 구하기,m,9,"{'startDate': '2025-03-27', 'endDate': '2025-05-26', 'timeUnit': 'week', 'keywordGroups': [{'groupName': '스노우 폭스2: 몬스터타운 구하기', 'keywords': ['스노우 폭스2: 몬스터타운 구하기', 'Arctic Dogs : The Magic Portal', 'Il portale magico']}], 'gender': 'm', 'ages': ['9']}","{""startDate"":""2025-03-24"",""endDate"":""2025-06-01"",""timeUnit"":""week"",""results"":[{""title"":""스노우 폭스2: 몬스터타운 구하기"",""keywords"":[""스노우 폭스2: 몬스터타운 구하기"",""Arctic Dogs : The Magic Portal"",""Il portale magico""],""data"":[{""period"":""2025-04-21"",""ratio"":23.5955},{""period"":""2025-04-28"",""ratio"":88.76404},{""period"":""2025-05-05"",""ratio"":100},{""period"":""2025-05-12"",""ratio"":8.98876},{""period"":""2025-05-19"",""ratio"":5.61797}]}]}"
스노우 폭스2: 몬스터타운 구하기,m,10,"{'startDate': '2025-03-27', 'endDate': '2025-05-26', 'timeUnit': 'week', 'keywordGroups': [{'groupName': '스노우 폭스2: 몬스터타운 구하기', 'keywords': ['스노우 폭스2: 몬스터타운 구하기', 'Arctic Dogs : The Magic Portal', 'Il portale magico']}], 'gender': 'm', 'ages': ['10']}","{""startDate"":""2025-03-24"",""endDate"":""2025-06-01"",""timeUnit"":""week"",""results"":[{""title"":""스노우 폭스2: 몬스터타운 구하기"",""keywords"":[""스노우 폭스2: 몬스터타운 구하기"",""Arctic Dogs : The Magic Portal"",""Il portale magico""],""data"":[{""period"":""2025-04-21"",""ratio"":41.17647},{""period"":""2025-04-28"",""ratio"":100},{""period"":""2025-05-05"",""ratio"":76.47058},{""period"":""2025-05-12"",""ratio"":5.88235}]}]}"
스노우 폭스2: 몬스터타운 구하기,m,11,"{'startDate': '2025-03-27', 'endDate': '2025-05-26', 'timeUnit': 'week', 'keywordGroups': [{'groupName': '스노우 폭스2: 몬스터타운 구하기', 'keywords': ['스노우 폭스2: 몬스터타운 구하기', 'Arctic Dogs : The Magic Portal', 'Il portale magico']}], 'gender': 'm', 'ages': ['11']}","{""startDate"":""2025-03-24"",""endDate"":""2025-06-01"",""timeUnit"":""week"",""results"":[{""title"":""스노우 폭스2: 몬스터타운 구하기"",""keywords"":[""스노우 폭스2: 몬스터타운 구하기"",""Arctic Dogs : The Magic Portal"",""Il portale magico""],""data"":[{""period"":""2025-04-21"",""ratio"":41.37931},{""period"":""2025-04-28"",""ratio"":100},{""period"":""2025-05-05"",""ratio"":100},{""period"":""2025-05-12"",""ratio"":10.34482},{""period"":""2025-05-19"",""ratio"":3.44827}]}]}"
스노우 폭스2: 몬스터타운 구하기,f,2,"{'startDate': '2025-03-27', 'endDate': '2025-05-26', 'timeUnit': 'week', 'keywordGroups': [{'groupName': '스노우 폭스2: 몬스터타운 구하기', 'keywords': ['스노우 폭스2: 몬스터타운 구하기', 'Arctic Dogs : The Magic Portal', 'Il portale magico']}], 'gender': 'f', 'ages': ['2']}","{""startDate"":""2025-03-24"",""endDate"":""2025-06-01"",""timeUnit"":""week"",""results"":[{""title"":""스노우 폭스2: 몬스터타운 구하기"",""keywords"":[""스노우 폭스2: 몬스터타운 구하기"",""Arctic Dogs : The Magic Portal"",""Il portale magico""],""data"":[{""period"":""2025-04-21"",""ratio"":60},{""period"":""2025-04-28"",""ratio"":100},{""period"":""2025-05-05"",""ratio"":60},{""period"":""2025-05-12"",""ratio"":10},{""period"":""2025-05-19"",""ratio"":10}]}]}"
스노우 폭스2: 몬스터타운 구하기,f,3,"{'startDate': '2025-03-27', 'endDate': '2025-05-26', 'timeUnit': 'week', 'keywordGroups': [{'groupName': '스노우 폭스2: 몬스터타운 구하기', 'keywords': ['스노우 폭스2: 몬스터타운 구하기', 'Arctic Dogs : The Magic Portal', 'Il portale magico']}], 'gender': 'f', 'ages': ['3']}","{""startDate"":""2025-03-24"",""endDate"":""2025-06-01"",""timeUnit"":""week"",""results"":[{""title"":""스노우 폭스2: 몬스터타운 구하기"",""keywords"":[""스노우 폭스2: 몬스터타운 구하기"",""Arctic Dogs : The Magic Portal"",""Il portale magico""],""data"":[{""period"":""2025-04-07"",""ratio"":3.63636},{""period"":""2025-04-21"",""ratio"":50.90909},{""period"":""2025-04-28"",""ratio"":96.36363},{""period"":""2025-05-05"",""ratio"":100},{""period"":""2025-05-12"",""ratio"":10.90909},{""period"":""2025-05-19"",""ratio"":3.63636}]}]}"
스노우 폭스2: 몬스터타운 구하기,f,4,"{'startDate': '2025-03-27', 'endDate': '2025-05-26', 'timeUnit': 'week', 'keywordGroups': [{'groupName': '스노우 폭스2: 몬스터타운 구하기', 'keywords': ['스노우 폭스2: 몬스터타운 구하기', 'Arctic Dogs : The Magic Portal', 'Il portale magico']}], 'gender': 'f', 'ages': ['4']}","{""startDate"":""2025-03-24"",""endDate"":""2025-06-01"",""timeUnit"":""week"",""results"":[{""title"":""스노우 폭스2: 몬스터타운 구하기"",""keywords"":[""스노우 폭스2: 몬스터타운 구하기"",""Arctic Dogs : The Magic Portal"",""Il portale magico""],""data"":[{""period"":""2025-03-31"",""ratio"":1.20481},{""period"":""2025-04-21"",""ratio"":36.14457},{""period"":""2025-04-28"",""ratio"":78.31325},{""period"":""2025-05-05"",""ratio"":100},{""period"":""2025-05-12"",""ratio"":3.61445},{""period"":""2025-05-19"",""ratio"":3.61445}]}]}"
스노우 폭스2: 몬스터타운 구하기,f,5,"{'startDate': '2025-03-27', 'endDate': '2025-05-26', 'timeUnit': 'week', 'keywordGroups': [{'groupName': '스노우 폭스2: 몬스터타운 구하기', 'keywords': ['스노우 폭스2: 몬스터타운 구하기', 'Arctic Dogs : The Magic Portal', 'Il portale magico']}], 'gender': 'f', 'ages': ['5']}","{""startDate"":""2025-03-24"",""endDate"":""2025-06-01"",""timeUnit"":""week"",""results"":[{""title"":""스노우 폭스2: 몬스터타운 구하기"",""keywords"":[""스노우 폭스2: 몬스터타운 구하기"",""Arctic Dogs : The Magic Portal"",""Il portale magico""],""data"":[{""period"":""2025-04-14"",""ratio"":0.79365},{""period"":""2025-04-21"",""ratio"":42.06349},{""period"":""2025-04-28"",""ratio"":100},{""period"":""2025-05-05"",""ratio"":94.44444},{""period"":""2025-05-12"",""ratio"":6.3492},{""period"":""2025-05-19"",""ratio"":6.3492}]}]}"
스노우 폭스2: 몬스터타운 구하기,f,6,"{'startDate': '2025-03-27', 'endDate': '2025-05-26', 'timeUnit': 'week', 'keywordGroups': [{'groupName': '스노우 폭스2: 몬스터타운 구하기', 'keywords': ['스노우 폭스2: 몬스터타운 구하기', 'Arctic Dogs : The Magic Portal', 'Il portale magico']}], 'gender': 'f', 'ages': ['6']}","{""startDate"":""2025-03-24"",""endDate"":""2025-06-01"",""timeUnit"":""week"",""results"":[{""title"":""스노우 폭스2: 몬스터타운 구하기"",""keywords"":[""스노우 폭스2: 몬스터타운 구하기"",""Arctic Dogs : The Magic Portal"",""Il portale magico""],""data"":[{""period"":""2025-04-21"",""ratio"":34.2318},{""period"":""2025-04-28"",""ratio"":100},{""period"":""2025-05-05"",""ratio"":81.40161},{""period"":""2025-05-12"",""ratio"":5.66037},{""period"":""2025-05-19"",""ratio"":4.04312}]}]}"
스노우 폭스2: 몬스터타운 구하기,f,7,"{'startDate': '2025-03-27', 'endDate': '2025-05-26', 'timeUnit': 'week', 'keywordGroups': [{'groupName': '스노우 폭스2: 몬스터타운 구하기', 'keywords': ['스노우 폭스2: 몬스터타운 구하기', 'Arctic Dogs : The Magic Portal', 'Il portale magico']}], 'gender': 'f', 'ages': ['7']}","{""startDate"":""2025-03-24"",""endDate"":""2025-06-01"",""timeUnit"":""week"",""results"":[{""title"":""스노우 폭스2: 몬스터타운 구하기"",""keywords"":[""스노우 폭스2: 몬스터타운 구하기"",""Arctic Dogs : The Magic Portal"",""Il portale magico""],""data"":[{""period"":""2025-03-31"",""ratio"":0.18181},{""period"":""2025-04-21"",""ratio"":45.0909},{""period"":""2025-04-28"",""ratio"":100},{""period"":""2025-05-05"",""ratio"":87.45454},{""period"":""2025-05-12"",""ratio"":8.54545},{""period"":""2025-05-19"",""ratio"":6.36363}]}]}"
스노우 폭스2: 몬스터타운 구하기,f,8,"{'startDate': '2025-03-27', 'endDate': '2025-05-26', 'timeUnit': 'week', 'keywordGroups': [{'groupName': '스노우 폭스2: 몬스터타운 구하기', 'keywords': ['스노우 폭스2: 몬스터타운 구하기', 'Arctic Dogs : The Magic Portal', 'Il portale magico']}], 'gender': 'f', 'ages': ['8']}","{""startDate"":""2025-03-24"",""endDate"":""2025-06-01"",""timeUnit"":""week"",""results"":[{""title"":""스노우 폭스2: 몬스터타운 구하기"",""keywords"":[""스노우 폭스2: 몬스터타운 구하기"",""Arctic Dogs : The Magic Portal"",""Il portale magico""],""data"":[{""period"":""2025-04-21"",""ratio"":39.92537},{""period"":""2025-04-28"",""ratio"":100},{""period"":""2025-05-05"",""ratio"":98.50746},{""period"":""2025-05-12"",""ratio"":5.59701},{""period"":""2025-05-19"",""ratio"":6.71641}]}]}"
스노우 폭스2: 몬스터타운 구하기,f,9,"{'startDate': '2025-03-27', 'endDate': '2025-05-26', 'timeUnit': 'week', 'keywordGroups': [{'groupName': '스노우 폭스2: 몬스터타운 구하기', 'keywords': ['스노우 폭스2: 몬스터타운 구하기', 'Arctic Dogs : The Magic Portal', 'Il portale magico']}], 'gender': 'f', 'ages': ['9']}","{""startDate"":""2025-03-24"",""endDate"":""2025-06-01"",""timeUnit"":""week"",""results"":[{""title"":""스노우 폭스2: 몬스터타운 구하기"",""keywords"":[""스노우 폭스2: 몬스터타운 구하기"",""Arctic Dogs : The Magic Portal"",""Il portale magico""],""data"":[{""period"":""2025-04-14"",""ratio"":1.21951},{""period"":""2025-04-21"",""ratio"":30.4878},{""period"":""2025-04-28"",""ratio"":100},{""period"":""2025-05-05"",""ratio"":59.75609},{""period"":""2025-05-12"",""ratio"":7.31707},{""period"":""2025-05-19"",""ratio"":6.09756}]}]}"
스노우 폭스2: 몬스터타운 구하기,f,10,"{'startDate': '2025-03-27', 'endDate': '2025-05-26', 'timeUnit': 'week', 'keywordGroups': [{'groupName': '스노우 폭스2: 몬스터타운 구하기', 'keywords': ['스노우 폭스2: 몬스터타운 구하기', 'Arctic Dogs : The Magic Portal', 'Il portale magico']}], 'gender': 'f', 'ages': ['10']}","{""startDate"":""2025-03-24"",""endDate"":""2025-06-01"",""timeUnit"":""week"",""results"":[{""title"":""스노우 폭스2: 몬스터타운 구하기"",""keywords"":[""스노우 폭스2: 몬스터타운 구하기"",""Arctic Dogs : The Magic Portal"",""Il portale magico""],""data"":[{""period"":""2025-03-31"",""ratio"":24.24242},{""period"":""2025-04-07"",""ratio"":3.0303},{""period"":""2025-04-14"",""ratio"":6.0606},{""period"":""2025-04-21"",""ratio"":33.33333},{""period"":""2025-04-28"",""ratio"":100},{""period"":""2025-05-05"",""ratio"":93.93939},{""period"":""2025-05-12"",""ratio"":15.15151},{""period"":""2025-05-19"",""ratio"":6.0606}]}]}"
스노우 폭스2: 몬스터타운 구하기,f,11,"{'startDate': '2025-03-27', 'endDate': '2025-05-26', 'timeUnit': 'week', 'keywordGroups': [{'groupName': '스노우 폭스2: 몬스터타운 구하기', 'keywords': ['스노우 폭스2: 몬스터타운 구하기', 'Arctic Dogs : The Magic Portal', 'Il portale magico']}], 'gender': 'f', 'ages': ['11']}","{""startDate"":""2025-03-24"",""endDate"":""2025-06-01"",""timeUnit"":""week"",""results"":[{""title"":""스노우 폭스2: 몬스터타운 구하기"",""keywords"":[""스노우 폭스2: 몬스터타운 구하기"",""Arctic Dogs : The Magic Portal"",""Il portale magico""],""data"":[{""period"":""2025-04-21"",""ratio"":14.63414},{""period"":""2025-04-28"",""ratio"":100},{""period"":""2025-05-05"",""ratio"":85.36585},{""period"":""2025-05-12"",""ratio"":2.43902},{""period"":""2025-05-19"",""ratio"":2.43902}]}]}"
거룩한 밤: 데몬 헌터스,m,2,"{'startDate': '2025-03-31', 'endDate': '2025-05-30', 'timeUnit': 'week', 'keywordGroups': [{'groupName': '거룩한 밤: 데몬 헌터스', 'keywords': ['거룩한 밤: 데몬 헌터스', 'Holy Night: Demon Hunters']}], 'gender': 'm', 'ages': ['2']}","{""startDate"":""2025-03-31"",""endDate"":""2025-06-01"",""timeUnit"":""week"",""results"":[{""title"":""거룩한 밤: 데몬 헌터스"",""keywords"":[""거룩한 밤: 데몬 헌터스"",""Holy Night: Demon Hunters""],""data"":[{""period"":""2025-03-31"",""ratio"":2.1804},{""period"":""2025-04-07"",""ratio"":2.43428},{""period"":""2025-04-14"",""ratio"":4.15173},{""period"":""2025-04-21"",""ratio"":14.29211},{""period"":""2025-04-28"",""ratio"":100},{""period"":""2025-05-05"",""ratio"":47.74492},{""period"":""2025-05-12"",""ratio"":18.87694},{""period"":""2025-05-19"",""ratio"":7.30286},{""period"":""2025-05-26"",""ratio"":3.76344}]}]}"
거룩한 밤: 데몬 헌터스,m,3,"{'startDate': '2025-03-31', 'endDate': '2025-05-30', 'timeUnit': 'week', 'keywordGroups': [{'groupName': '거룩한 밤: 데몬 헌터스', 'keywords': ['거룩한 밤: 데몬 헌터스', 'Holy Night: Demon Hunters']}], 'gender': 'm', 'ages': ['3']}","{""startDate"":""2025-03-31"",""endDate"":""2025-06-01"",""timeUnit"":""week"",""results"":[{""title"":""거룩한 밤: 데몬 헌터스"",""keywords"":[""거룩한 밤: 데몬 헌터스"",""Holy Night: Demon Hunters""],""data"":[{""period"":""2025-03-31"",""ratio"":3.45486},{""period"":""2025-04-07"",""ratio"":3.42994},{""period"":""2025-04-14"",""ratio"":6.07922},{""period"":""2025-04-21"",""ratio"":17.72278},{""period"":""2025-04-28"",""ratio"":100},{""period"":""2025-05-05"",""ratio"":53.85765},{""period"":""2025-05-12"",""ratio"":23.98471},{""period"":""2025-05-19"",""ratio"":7.78174},{""period"":""2025-05-26"",""ratio"":4.2023}]}]}"
거룩한 밤: 데몬 헌터스,m,4,"{'startDate': '2025-03-31', 'endDate': '2025-05-30', 'timeUnit': 'week', 'keywordGroups': [{'groupName': '거룩한 밤: 데몬 헌터스', 'keywords': ['거룩한 밤: 데몬 헌터스', 'Holy Night: Demon Hunters']}], 'gender': 'm', 'ages': ['4']}","{""startDate"":""2025-03-31"",""endDate"":""2025-06-01"",""timeUnit"":""week"",""results"":[{""title"":""거룩한 밤: 데몬 헌터스"",""keywords"":[""거룩한 밤: 데몬 헌터스"",""Holy Night: Demon Hunters""],""data"":[{""period"":""2025-03-31"",""ratio"":3.67759},{""period"":""2025-04-07"",""ratio"":3.68306},{""period"":""2025-04-14"",""ratio"":7.03278},{""period"":""2025-04-21"",""ratio"":19.46448},{""period"":""2025-04-28"",""ratio"":100},{""period"":""2025-05-05"",""ratio"":54.60109},{""period"":""2025-05-12"",""ratio"":23.43715},{""period"":""2025-05-19"",""ratio"":8.43169},{""period"":""2025-05-26"",""ratio"":4.43715}]}]}"
거룩한 밤: 데몬 헌터스,m,5,"{'startDate': '2025-03-31', 'endDate': '2025-05-30', 'timeUnit': 'week', 'keywordGroups': [{'groupName': '거룩한 밤: 데몬 헌터스', 'keywords': ['거룩한 밤: 데몬 헌터스', 'Holy Night: Demon Hunters']}], 'gender': 'm', 'ages': ['5']}","{""startDate"":""2025-03-31"",""endDate"":""2025-06-01"",""timeUnit"":""week"",""results"":[{""title"":""거룩한 밤: 데몬 헌터스"",""keywords"":[""거룩한 밤: 데몬 헌터스"",""Holy Night: Demon Hunters""],""data"":[{""period"":""2025-03-31"",""ratio"":3.65263},{""period"":""2025-04-07"",""ratio"":3.88969},{""period"":""2025-04-14"",""ratio"":7.28592},{""period"":""2025-04-21"",""ratio"":22.0029},{""period"":""2025-04-28"",""ratio"":100},{""period"":""2025-05-05"",""ratio"":54.54281},{""period"":""2025-05-12"",""ratio"":23.73971},{""period"":""2025-05-19"",""ratio"":9.53555},{""period"":""2025-05-26"",""ratio"":5.99419}]}]}"
거룩한 밤: 데몬 헌터스,m,6,"{'startDate': '2025-03-31', 'endDate': '2025-05-30', 'timeUnit': 'week', 'keywordGroups': [{'groupName': '거룩한 밤: 데몬 헌터스', 'keywords': ['거룩한 밤: 데몬 헌터스', 'Holy Night: Demon Hunters']}], 'gender': 'm', 'ages': ['6']}","{""startDate"":""2025-03-31"",""endDate"":""2025-06-01"",""timeUnit"":""week"",""results"":[{""title"":""거룩한 밤: 데몬 헌터스"",""keywords"":[""거룩한 밤: 데몬 헌터스"",""Holy Night: Demon Hunters""],""data"":[{""period"":""2025-03-31"",""ratio"":4.39493},{""period"":""2025-04-07"",""ratio"":4.14536},{""period"":""2025-04-14"",""ratio"":7.84635},{""period"":""2025-04-21"",""ratio"":24.19649},{""period"":""2025-04-28"",""ratio"":100},{""period"":""2025-05-05"",""ratio"":56.59849},{""period"":""2025-05-12"",""ratio"":27.54443},{""period"":""2025-05-19"",""ratio"":12.4726},{""period"":""2025-05-26"",""ratio"":8.4429}]}]}"
거룩한 밤: 데몬 헌터스,m,7,"{'startDate': '2025-03-31', 'endDate': '2025-05-30', 'timeUnit': 'week', 'keywordGroups': [{'groupName': '거룩한 밤: 데몬 헌터스', 'keywords': ['거룩한 밤: 데몬 헌터스', 'Holy Night: Demon Hunters']}], 'gender': 'm', 'ages': ['7']}","{""startDate"":""2025-03-31"",""endDate"":""2025-06-01"",""timeUnit"":""week"",""results"":[{""title"":""거룩한 밤: 데몬 헌터스"",""keywords"":[""거룩한 밤: 데몬 헌터스"",""Holy Night: Demon Hunters""],""data"":[{""period"":""2025-03-31"",""ratio"":3.86497},{""period"":""2025-04-07"",""ratio"":3.32578},{""period"":""2025-04-14"",""ratio"":5.41912},{""period"":""2025-04-21"",""ratio"":21.1826},{""period"":""2025-04-28"",""ratio"":100},{""period"":""2025-05-05"",""ratio"":62.81377},{""period"":""2025-05-12"",""ratio"":30.92886},{""period"":""2025-05-19"",""ratio"":13.28953},{""period"":""2025-05-26"",""ratio"":7.58948}]}]}"
거룩한 밤: 데몬 헌터스,m,8,"{'startDate': '2025-03-31', 'endDate': '2025-05-30', 'timeUnit': 'week', 'keywordGroups': [{'groupName': '거룩한 밤: 데몬 헌터스', 'keywords': ['거룩한 밤: 데몬 헌터스', 'Holy Night: Demon Hunters']}], 'gender': 'm', 'ages': ['8']}","{""startDate"":""2025-03-31"",""endDate"":""2025-06-01"",""timeUnit"":""week"",""results"":[{""title"":""거룩한 밤: 데몬 헌터스"",""keywords"":[""거룩한 밤: 데몬 헌터스"",""Holy Night: Demon Hunters""],""data"":[{""period"":""2025-03-31"",""ratio"":3.15532},{""period"":""2025-04-07"",""ratio"":2.81705},{""period"":""2025-04-14"",""ratio"":4.26994},{""period"":""2025-04-21"",""ratio"":18.53269},{""period"":""2025-04-28"",""ratio"":100},{""period"":""2025-05-05"",""ratio"":62.80707},{""period"":""2025-05-12"",""ratio"":29.13547},{""period"":""2025-05-19"",""ratio"":12.67675},{""period"":""2025-05-26"",""ratio"":6.34947}]}]}"
거룩한 밤: 데몬 헌터스,m,9,"{'startDate': '2025-03-31', 'endDate': '2025-05-30', 'timeUnit': 'week', 'keywordGroups': [{'groupName': '거룩한 밤: 데몬 헌터스', 'keywords': ['거룩한 밤: 데몬 헌터스', 'Holy Night: Demon Hunters']}], 'gender': 'm', 'ages': ['9']}","{""startDate"":""2025-03-31"",""endDate"":""2025-06-01"",""timeUnit"":""week"",""results"":[{""title"":""거룩한 밤: 데몬 헌터스"",""keywords"":[""거룩한 밤: 데몬 헌터스"",""Holy Night: Demon Hunters""],""data"":[{""period"":""2025-03-31"",""ratio"":2.93776},{""period"":""2025-04-07"",""ratio"":2.25744},{""period"":""2025-04-14"",""ratio"":3.20061},{""period"":""2025-04-21"",""ratio"":16.41283},{""period"":""2025-04-28"",""ratio"":100},{""period"":""2025-05-05"",""ratio"":62.67491},{""period"":""2025-05-12"",""ratio"":28.94472},{""period"":""2025-05-19"",""ratio"":12.27676},{""period"":""2025-05-26"",""ratio"":5.55083}]}]}"
거룩한 밤: 데몬 헌터스,m,10,"{'startDate': '2025-03-31', 'endDate': '2025-05-30', 'timeUnit': 'week', 'keywordGroups': [{'groupName': '거룩한 밤: 데몬 헌터스', 'keywords': ['거룩한 밤: 데몬 헌터스', 'Holy Night: Demon Hunters']}], 'gender': 'm', 'ages': ['10']}","{""startDate"":""2025-03-31"",""endDate"":""2025-06-01"",""timeUnit"":""week"",""results"":[{""title"":""거룩한 밤: 데몬 헌터스"",""keywords"":[""거룩한 밤: 데몬 헌터스"",""Holy Night: Demon Hunters""],""data"":[{""period"":""2025-03-31"",""ratio"":1.8147},{""period"":""2025-04-07"",""ratio"":1.66462},{""period"":""2025-04-14"",""ratio"":2.51057},{""period"":""2025-04-21"",""ratio"":14.87242},{""period"":""2025-04-28"",""ratio"":100},{""period"":""2025-05-05"",""ratio"":62.72342},{""period"":""2025-05-12"",""ratio"":28.83067},{""period"":""2025-05-19"",""ratio"":11.06562},{""period"":""2025-05-26"",""ratio"":4.78919}]}]}"
거룩한 밤: 데몬 헌터스,m,11,"{'startDate': '2025-03-31', 'endDate': '2025-05-30', 'timeUnit': 'week', 'keywordGroups': [{'groupName': '거룩한 밤: 데몬 헌터스', 'keywords': ['거룩한 밤: 데몬 헌터스', 'Holy Night: Demon Hunters']}], 'gender': 'm', 'ages': ['11']}","{""startDate"":""2025-03-31"",""endDate"":""2025-06-01"",""timeUnit"":""week"",""results"":[{""title"":""거룩한 밤: 데몬 헌터스"",""keywords"":[""거룩한 밤: 데몬 헌터스"",""Holy Night: Demon Hunters""],""data"":[{""period"":""2025-03-31"",""ratio"":1.5811},{""period"":""2025-04-07"",""ratio"":1.6183},{""period"":""2025-04-14"",""ratio"":1.99032},{""period"":""2025-04-21"",""ratio"":17.52232},{""period"":""2025-04-28"",""ratio"":100},{""period"":""2025-05-05"",""ratio"":65.95982},{""period"":""2025-05-12"",""ratio"":31.17559},{""period"":""2025-05-19"",""ratio"":10.84449},{""period"":""2025-05-26"",""ratio"":4.29687}]}]}"
거룩한 밤: 데몬 헌터스,f,2,"{'startDate': '2025-03-31', 'endDate': '2025-05-30', 'timeUnit': 'week', 'keywordGroups': [{'groupName': '거룩한 밤: 데몬 헌터스', 'keywords': ['거룩한 밤: 데몬 헌터스', 'Holy Night: Demon Hunters']}], 'gender': 'f', 'ages': ['2']}","{""startDate"":""2025-03-31"",""endDate"":""2025-06-01"",""timeUnit"":""week"",""results"":[{""title"":""거룩한 밤: 데몬 헌터스"",""keywords"":[""거룩한 밤: 데몬 헌터스"",""Holy Night: Demon Hunters""],""data"":[{""period"":""2025-03-31"",""ratio"":1.96761},{""period"":""2025-04-07"",""ratio"":2.83033},{""period"":""2025-04-14"",""ratio"":5.58498},{""period"":""2025-04-21"",""ratio"":14.5149},{""period"":""2025-04-28"",""ratio"":100},{""period"":""2025-05-05"",""ratio"":51.58165},{""period"":""2025-05-12"",""ratio"":16.25548},{""period"":""2025-05-19"",""ratio"":5.07037},{""period"":""2025-05-26"",""ratio"":3.31466}]}]}"
거룩한 밤: 데몬 헌터스,f,3,"{'startDate': '2025-03-31', 'endDate': '2025-05-30', 'timeUnit': 'week', 'keywordGroups': [{'groupName': '거룩한 밤: 데몬 헌터스', 'keywords': ['거룩한 밤: 데몬 헌터스', 'Holy Night: Demon Hunters']}], 'gender': 'f', 'ages': ['3']}","{""startDate"":""2025-03-31"",""endDate"":""2025-06-01"",""timeUnit"":""week"",""results"":[{""title"":""거룩한 밤: 데몬 헌터스"",""keywords"":[""거룩한 밤: 데몬 헌터스"",""Holy Night: Demon Hunters""],""data"":[{""period"":""2025-03-31"",""ratio"":3.19006},{""period"":""2025-04-07"",""ratio"":3.66597},{""period"":""2025-04-14"",""ratio"":7.10886},{""period"":""2025-04-21"",""ratio"":20.56067},{""period"":""2025-04-28"",""ratio"":100},{""period"":""2025-05-05"",""ratio"":49.32331},{""period"":""2025-05-12"",""ratio"":18.67935},{""period"":""2025-05-19"",""ratio"":5.88935},{""period"":""2025-05-26"",""ratio"":3.32391}]}]}"
거룩한 밤: 데몬 헌터스,f,4,"{'startDate': '2025-03-31', 'endDate': '2025-05-30', 'timeUnit': 'week', 'keywordGroups': [{'groupName': '거룩한 밤: 데몬 헌터스', 'keywords': ['거룩한 밤: 데몬 헌터스', 'Holy Night: Demon Hunters']}], 'gender': 'f', 'ages': ['4']}","{""startDate"":""2025-03-31"",""endDate"":""2025-06-01"",""timeUnit"":""week"",""results"":[{""title"":""거룩한 밤: 데몬 헌터스"",""keywords"":[""거룩한 밤: 데몬 헌터스"",""Holy Night: Demon Hunters""],""data"":[{""period"":""2025-03-31"",""ratio"":3.93221},{""period"":""2025-04-07"",""ratio"":4.20362},{""period"":""2025-04-14"",""ratio"":9.12882},{""period"":""2025-04-21"",""ratio"":23.14312},{""period"":""2025-04-28"",""ratio"":100},{""period"":""2025-05-05"",""ratio"":47.2395},{""period"":""2025-05-12"",""ratio"":17.3441},{""period"":""2025-05-19"",""ratio"":6.44776},{""period"":""2025-05-26"",""ratio"":3.77333}]}]}"
거룩한 밤: 데몬 헌터스,f,5,"{'startDate': '2025-03-31', 'endDate': '2025-05-30', 'timeUnit': 'week', 'keywordGroups': [{'groupName': '거룩한 밤: 데몬 헌터스', 'keywords': ['거룩한 밤: 데몬 헌터스', 'Holy Night: Demon Hunters']}], 'gender': 'f', 'ages': ['5']}","{""startDate"":""2025-03-31"",""endDate"":""2025-06-01"",""timeUnit"":""week"",""results"":[{""title"":""거룩한 밤: 데몬 헌터스"",""keywords"":[""거룩한 밤: 데몬 헌터스"",""Holy Night: Demon Hunters""],""data"":[{""period"":""2025-03-31"",""ratio"":4.70078},{""period"":""2025-04-07"",""ratio"":4.81746},{""period"":""2025-04-14"",""ratio"":10.71011},{""period"":""2025-04-21"",""ratio"":26.59609},{""period"":""2025-04-28"",""ratio"":100},{""period"":""2025-05-05"",""ratio"":45.35755},{""period"":""2025-05-12"",""ratio"":18.20303},{""period"":""2025-05-19"",""ratio"":7.01783},{""period"":""2025-05-26"",""ratio"":5.48424}]}]}"
거룩한 밤: 데몬 헌터스,f,6,"{'startDate': '2025-03-31', 'endDate': '2025-05-30', 'timeUnit': 'week', 'keywordGroups': [{'groupName': '거룩한 밤: 데몬 헌터스', 'keywords': ['거룩한 밤: 데몬 헌터스', 'Holy Night: Demon Hunters']}], 'gender': 'f', 'ages': ['6']}","{""startDate"":""2025-03-31"",""endDate"":""2025-06-01"",""timeUnit"":""week"",""results"":[{""title"":""거룩한 밤: 데몬 헌터스"",""keywords"":[""거룩한 밤: 데몬 헌터스"",""Holy Night: Demon Hunters""],""data"":[{""period"":""2025-03-31"",""ratio"":5.80171},{""period"":""2025-04-07"",""ratio"":5.82619},{""period"":""2025-04-14"",""ratio"":12.50917},{""period"":""2025-04-21"",""ratio"":28.58017},{""period"":""2025-04-28"",""ratio"":100},{""period"":""2025-05-05"",""ratio"":45.33659},{""period"":""2025-05-12"",""ratio"":19.96328},{""period"":""2025-05-19"",""ratio"":8.93512},{""period"":""2025-05-26"",""ratio"":7.05018}]}]}"
거룩한 밤: 데몬 헌터스,f,7,"{'startDate': '2025-03-31', 'endDate': '2025-05-30', 'timeUnit': 'week', 'keywordGroups': [{'groupName': '거룩한 밤: 데몬 헌터스', 'keywords': ['거룩한 밤: 데몬 헌터스', 'Holy Night: Demon Hunters']}], 'gender': 'f', 'ages': ['7']}","{""startDate"":""2025-03-31"",""endDate"":""2025-06-01"",""timeUnit"":""week"",""results"":[{""title"":""거룩한 밤: 데몬 헌터스"",""keywords"":[""거룩한 밤: 데몬 헌터스"",""Holy Night: Demon Hunters""],""data"":[{""period"":""2025-03-31"",""ratio"":5.05857},{""period"":""2025-04-07"",""ratio"":4.88602},{""period"":""2025-04-14"",""ratio"":9.36336},{""period"":""2025-04-21"",""ratio"":25.41095},{""period"":""2025-04-28"",""ratio"":100},{""period"":""2025-05-05"",""ratio"":47.46162},{""period"":""2025-05-12"",""ratio"":19.32612},{""period"":""2025-05-19"",""ratio"":8.34619},{""period"":""2025-05-26"",""ratio"":6.40268}]}]}"
거룩한 밤: 데몬 헌터스,f,8,"{'startDate': '2025-03-31', 'endDate': '2025-05-30', 'timeUnit': 'week', 'keywordGroups': [{'groupName': '거룩한 밤: 데몬 헌터스', 'keywords': ['거룩한 밤: 데몬 헌터스', 'Holy Night: Demon Hunters']}], 'gender': 'f', 'ages': ['8']}","{""startDate"":""2025-03-31"",""endDate"":""2025-06-01"",""timeUnit"":""week"",""results"":[{""title"":""거룩한 밤: 데몬 헌터스"",""keywords"":[""거룩한 밤: 데몬 헌터스"",""Holy Night: Demon Hunters""],""data"":[{""period"":""2025-03-31"",""ratio"":3.70036},{""period"":""2025-04-07"",""ratio"":4.02125},{""period"":""2025-04-14"",""ratio"":6.05695},{""period"":""2025-04-21"",""ratio"":20.18652},{""period"":""2025-04-28"",""ratio"":100},{""period"":""2025-05-05"",""ratio"":49.41837},{""period"":""2025-05-12"",""ratio"":18.20096},{""period"":""2025-05-19"",""ratio"":6.96951},{""period"":""2025-05-26"",""ratio"":4.17168}]}]}"
거룩한 밤: 데몬 헌터스,f,9,"{'startDate': '2025-03-31', 'endDate': '2025-05-30', 'timeUnit': 'week', 'keywordGroups': [{'groupName': '거룩한 밤: 데몬 헌터스', 'keywords': ['거룩한 밤: 데몬 헌터스', 'Holy Night: Demon Hunters']}], 'gender': 'f', 'ages': ['9']}","{""startDate"":""2025-03-31"",""endDate"":""2025-06-01"",""timeUnit"":""week"",""results"":[{""title"":""거룩한 밤: 데몬 헌터스"",""keywords"":[""거룩한 밤: 데몬 헌터스"",""Holy Night: Demon Hunters""],""data"":[{""period"":""2025-03-31"",""ratio"":2.92083},{""period"":""2025-04-07"",""ratio"":3.02331},{""period"":""2025-04-14"",""ratio"":4.88086},{""period"":""2025-04-21"",""ratio"":17.84524},{""period"":""2025-04-28"",""ratio"":100},{""period"":""2025-05-05"",""ratio"":48.53958},{""period"":""2025-05-12"",""ratio"":18.62669},{""period"":""2025-05-19"",""ratio"":5.91852},{""period"":""2025-05-26"",""ratio"":3.71509}]}]}"
거룩한 밤: 데몬 헌터스,f,10,"{'startDate': '2025-03-31', 'endDate': '2025-05-30', 'timeUnit': 'week', 'keywordGroups': [{'groupName': '거룩한 밤: 데몬 헌터스', 'keywords': ['거룩한 밤: 데몬 헌터스', 'Holy Night: Demon Hunters']}], 'gender': 'f', 'ages': ['10']}","{""startDate"":""2025-03-31"",""endDate"":""2025-06-01"",""timeUnit"":""week"",""results"":[{""title"":""거룩한 밤: 데몬 헌터스"",""keywords"":[""거룩한 밤: 데몬 헌터스"",""Holy Night: Demon Hunters""],""data"":[{""period"":""2025-03-31"",""ratio"":2.24901},{""period"":""2025-04-07"",""ratio"":2.22582},{""period"":""2025-04-14"",""ratio"":3.61697},{""period"":""2025-04-21"",""ratio"":16.13725},{""period"":""2025-04-28"",""ratio"":100},{""period"":""2025-05-05"",""ratio"":54.39369},{""period"":""2025-05-12"",""ratio"":20.07883},{""period"":""2025-05-19"",""ratio"":5.70368},{""period"":""2025-05-26"",""ratio"":2.80547}]}]}"
거룩한 밤: 데몬 헌터스,f,11,"{'startDate': '2025-03-31', 'endDate': '2025-05-30', 'timeUnit': 'week', 'keywordGroups': [{'groupName': '거룩한 밤: 데몬 헌터스', 'keywords': ['거룩한 밤: 데몬 헌터스', 'Holy Night: Demon Hunters']}], 'gender': 'f', 'ages': ['11']}","{""startDate"":""2025-03-31"",""endDate"":""2025-06-01"",""timeUnit"":""week"",""results"":[{""title"":""거룩한 밤: 데몬 헌터스"",""keywords"":[""거룩한 밤: 데몬 헌터스"",""Holy Night: Demon Hunters""],""data"":[{""period"":""2025-03-31"",""ratio"":2.37955},{""period"":""2025-04-07"",""ratio"":2.35017},{""period"":""2025-04-14"",""ratio"":3.64277},{""period"":""2025-04-21"",""ratio"":18.86016},{""period"":""2025-04-28"",""ratio"":100},{""period"":""2025-05-05"",""ratio"":58.19623},{""period"":""2025-05-12"",""ratio"":24.61809},{""period"":""2025-05-19"",""ratio"":8.04935},{""period"":""2025-05-26"",""ratio"":4.43595}]}]}"
썬더볼츠＊,m,2,"{'startDate': '2025-03-31', 'endDate': '2025-05-30', 'timeUnit': 'week', 'keywordGroups': [{'groupName': '썬더볼츠＊', 'keywords': ['썬더볼츠＊', 'Thunderbolts*']}], 'gender': 'm', 'ages': ['2']}","{""startDate"":""2025-03-31"",""endDate"":""2025-06-01"",""timeUnit"":""week"",""results"":[{""title"":""썬더볼츠＊"",""keywords"":[""썬더볼츠＊"",""Thunderbolts*""],""data"":[]}]}"
썬더볼츠＊,m,3,"{'startDate': '2025-03-31', 'endDate': '2025-05-30', 'timeUnit': 'week', 'keywordGroups': [{'groupName': '썬더볼츠＊', 'keywords': ['썬더볼츠＊', 'Thunderbolts*']}], 'gender': 'm', 'ages': ['3']}","{""startDate"":""2025-03-31"",""endDate"":""2025-06-01"",""timeUnit"":""week"",""results"":[{""title"":""썬더볼츠＊"",""keywords"":[""썬더볼츠＊"",""Thunderbolts*""],""data"":[]}]}"
썬더볼츠＊,m,4,"{'startDate': '2025-03-31', 'endDate': '2025-05-30', 'timeUnit': 'week', 'keywordGroups': [{'groupName': '썬더볼츠＊', 'keywords': ['썬더볼츠＊', 'Thunderbolts*']}], 'gender': 'm', 'ages': ['4']}","{""startDate"":""2025-03-31"",""endDate"":""2025-06-01"",""timeUnit"":""week"",""results"":[{""title"":""썬더볼츠＊"",""keywords"":[""썬더볼츠＊"",""Thunderbolts*""],""data"":[]}]}"
썬더볼츠＊,m,5,"{'startDate': '2025-03-31', 'endDate': '2025-05-30', 'timeUnit': 'week', 'keywordGroups': [{'groupName': '썬더볼츠＊', 'keywords': ['썬더볼츠＊', 'Thunderbolts*']}], 'gender': 'm', 'ages': ['5']}","{""startDate"":""2025-03-31"",""endDate"":""2025-06-01"",""timeUnit"":""week"",""results"":[{""title"":""썬더볼츠＊"",""keywords"":[""썬더볼츠＊"",""Thunderbolts*""],""data"":[{""period"":""2025-05-12"",""ratio"":100}]}]}"
썬더볼츠＊,m,6,"{'startDate': '2025-03-31', 'endDate': '2025-05-30', 'timeUnit': 'week', 'keywordGroups': [{'groupName': '썬더볼츠＊', 'keywords': ['썬더볼츠＊', 'Thunderbolts*']}], 'gender': 'm', 'ages': ['6']}","{""startDate"":""2025-03-31"",""endDate"":""2025-06-01"",""timeUnit"":""week"",""results"":[{""title"":""썬더볼츠＊"",""keywords"":[""썬더볼츠＊"",""Thunderbolts*""],""data"":[{""period"":""2025-05-12"",""ratio"":100}]}]}"
썬더볼츠＊,m,7,"{'startDate': '2025-03-31', 'endDate': '2025-05-30', 'timeUnit': 'week', 'keywordGroups': [{'groupName': '썬더볼츠＊', 'keywords': ['썬더볼츠＊', 'Thunderbolts*']}], 'gender': 'm', 'ages': ['7']}","{""startDate"":""2025-03-31"",""endDate"":""2025-06-01"",""timeUnit"":""week"",""results"":[{""title"":""썬더볼츠＊"",""keywords"":[""썬더볼츠＊"",""Thunderbolts*""],""data"":[]}]}"
썬더볼츠＊,m,8,"{'startDate': '2025-03-31', 'endDate': '2025-05-30', 'timeUnit': 'week', 'keywordGroups': [{'groupName': '썬더볼츠＊', 'keywords': ['썬더볼츠＊', 'Thunderbolts*']}], 'gender': 'm', 'ages': ['8']}","{""startDate"":""2025-03-31"",""endDate"":""2025-06-01"",""timeUnit"":""week"",""results"":[{""title"":""썬더볼츠＊"",""keywords"":[""썬더볼츠＊"",""Thunderbolts*""],""data"":[]}]}"
썬더볼츠＊,m,9,"{'startDate': '2025-03-31', 'endDate': '2025-05-30', 'timeUnit': 'week', 'keywordGroups': [{'groupName': '썬더볼츠＊', 'keywords': ['썬더볼츠＊', 'Thunderbolts*']}], 'gender': 'm', 'ages': ['9']}","{""startDate"":""2025-03-31"",""endDate"":""2025-06-01"",""timeUnit"":""week"",""results"":[{""title"":""썬더볼츠＊"",""keywords"":[""썬더볼츠＊"",""Thunderbolts*""],""data"":[]}]}"
썬더볼츠＊,m,10,"{'startDate': '2025-03-31', 'endDate': '2025-05-30', 'timeUnit': 'week', 'keywordGroups': [{'groupName': '썬더볼츠＊', 'keywords': ['썬더볼츠＊', 'Thunderbolts*']}], 'gender': 'm', 'ages': ['10']}","{""startDate"":""2025-03-31"",""endDate"":""2025-06-01"",""timeUnit"":""week"",""results"":[{""title"":""썬더볼츠＊"",""keywords"":[""썬더볼츠＊"",""Thunderbolts*""],""data"":[{""period"":""2025-05-12"",""ratio"":100}]}]}"
썬더볼츠＊,m,11,"{'startDate': '2025-03-31', 'endDate': '2025-05-30', 'timeUnit': 'week', 'keywordGroups': [{'groupName': '썬더볼츠＊', 'keywords': ['썬더볼츠＊', 'Thunderbolts*']}], 'gender': 'm', 'ages': ['11']}","{""startDate"":""2025-03-31"",""endDate"":""2025-06-01"",""timeUnit"":""week"",""results"":[{""title"":""썬더볼츠＊"",""keywords"":[""썬더볼츠＊"",""Thunderbolts*""],""data"":[]}]}"
썬더볼츠＊,f,2,"{'startDate': '2025-03-31', 'endDate': '2025-05-30', 'timeUnit': 'week', 'keywordGroups': [{'groupName': '썬더볼츠＊', 'keywords': ['썬더볼츠＊', 'Thunderbolts*']}], 'gender': 'f', 'ages': ['2']}","{""startDate"":""2025-03-31"",""endDate"":""2025-06-01"",""timeUnit"":""week"",""results"":[{""title"":""썬더볼츠＊"",""keywords"":[""썬더볼츠＊"",""Thunderbolts*""],""data"":[]}]}"
썬더볼츠＊,f,3,"{'startDate': '2025-03-31', 'endDate': '2025-05-30', 'timeUnit': 'week', 'keywordGroups': [{'groupName': '썬더볼츠＊', 'keywords': ['썬더볼츠＊', 'Thunderbolts*']}], 'gender': 'f', 'ages': ['3']}","{""startDate"":""2025-03-31"",""endDate"":""2025-06-01"",""timeUnit"":""week"",""results"":[{""title"":""썬더볼츠＊"",""keywords"":[""썬더볼츠＊"",""Thunderbolts*""],""data"":[]}]}"
썬더볼츠＊,f,4,"{'startDate': '2025-03-31', 'endDate': '2025-05-30', 'timeUnit': 'week', 'keywordGroups': [{'groupName': '썬더볼츠＊', 'keywords': ['썬더볼츠＊', 'Thunderbolts*']}], 'gender': 'f', 'ages': ['4']}","{""startDate"":""2025-03-31"",""endDate"":""2025-06-01"",""timeUnit"":""week"",""results"":[{""title"":""썬더볼츠＊"",""keywords"":[""썬더볼츠＊"",""Thunderbolts*""],""data"":[]}]}"
썬더볼츠＊,f,5,"{'startDate': '2025-03-31', 'endDate': '2025-05-30', 'timeUnit': 'week', 'keywordGroups': [{'groupName': '썬더볼츠＊', 'keywords': ['썬더볼츠＊', 'Thunderbolts*']}], 'gender': 'f', 'ages': ['5']}","{""startDate"":""2025-03-31"",""endDate"":""2025-06-01"",""timeUnit"":""week"",""results"":[{""title"":""썬더볼츠＊"",""keywords"":[""썬더볼츠＊"",""Thunderbolts*""],""data"":[{""period"":""2025-05-12"",""ratio"":100}]}]}"
썬더볼츠＊,f,6,"{'startDate': '2025-03-31', 'endDate': '2025-05-30', 'timeUnit': 'week', 'keywordGroups': [{'groupName': '썬더볼츠＊', 'keywords': ['썬더볼츠＊', 'Thunderbolts*']}], 'gender': 'f', 'ages': ['6']}","{""startDate"":""2025-03-31"",""endDate"":""2025-06-01"",""timeUnit"":""week"",""results"":[{""title"":""썬더볼츠＊"",""keywords"":[""썬더볼츠＊"",""Thunderbolts*""],""data"":[]}]}"
썬더볼츠＊,f,7,"{'startDate': '2025-03-31', 'endDate': '2025-05-30', 'timeUnit': 'week', 'keywordGroups': [{'groupName': '썬더볼츠＊', 'keywords': ['썬더볼츠＊', 'Thunderbolts*']}], 'gender': 'f', 'ages': ['7']}","{""startDate"":""2025-03-31"",""endDate"":""2025-06-01"",""timeUnit"":""week"",""results"":[{""title"":""썬더볼츠＊"",""keywords"":[""썬더볼츠＊"",""Thunderbolts*""],""data"":[]}]}"
썬더볼츠＊,f,8,"{'startDate': '2025-03-31', 'endDate': '2025-05-30', 'timeUnit': 'week', 'keywordGroups': [{'groupName': '썬더볼츠＊', 'keywords': ['썬더볼츠＊', 'Thunderbolts*']}], 'gender': 'f', 'ages': ['8']}","{""startDate"":""2025-03-31"",""endDate"":""2025-06-01"",""timeUnit"":""week"",""results"":[{""title"":""썬더볼츠＊"",""keywords"":[""썬더볼츠＊"",""Thunderbolts*""],""data"":[]}]}"
썬더볼츠＊,f,9,"{'startDate': '2025-03-31', 'endDate': '2025-05-30', 'timeUnit': 'week', 'keywordGroups': [{'groupName': '썬더볼츠＊', 'keywords': ['썬더볼츠＊', 'Thunderbolts*']}], 'gender': 'f', 'ages': ['9']}","{""startDate"":""2025-03-31"",""endDate"":""2025-06-01"",""timeUnit"":""week"",""results"":[{""title"":""썬더볼츠＊"",""keywords"":[""썬더볼츠＊"",""Thunderbolts*""],""data"":[]}]}"
썬더볼츠＊,f,10,"{'startDate': '2025-03-31', 'endDate': '2025-05-30', 'timeUnit': 'week', 'keywordGroups': [{'groupName': '썬더볼츠＊', 'keywords': ['썬더볼츠＊', 'Thunderbolts*']}], 'gender': 'f', 'ages': ['10']}","{""startDate"":""2025-03-31"",""endDate"":""2025-06-01"",""timeUnit"":""week"",""results"":[{""title"":""썬더볼츠＊"",""keywords"":[""썬더볼츠＊"",""Thunderbolts*""],""data"":[]}]}"
썬더볼츠＊,f,11,"{'startDate': '2025-03-31', 'endDate': '2025-05-30', 'timeUnit': 'week', 'keywordGroups': [{'groupName': '썬더볼츠＊', 'keywords': ['썬더볼츠＊', 'Thunderbolts*']}], 'gender': 'f', 'ages': ['11']}","{""startDate"":""2025-03-31"",""endDate"":""2025-06-01"",""timeUnit"":""week"",""results"":[{""title"":""썬더볼츠＊"",""keywords"":[""썬더볼츠＊"",""Thunderbolts*""],""data"":[]}]}"
파과,m,2,"{'startDate': '2025-03-31', 'endDate': '2025-05-30', 'timeUnit': 'week', 'keywordGroups': [{'groupName': '파과', 'keywords': ['파과', 'THE OLD WOMAN WITH THE KNIFE']}], 'gender': 'm', 'ages': ['2']}","{""startDate"":""2025-03-31"",""endDate"":""2025-06-01"",""timeUnit"":""week"",""results"":[{""title"":""파과"",""keywords"":[""파과"",""THE OLD WOMAN WITH THE KNIFE""],""data"":[{""period"":""2025-03-31"",""ratio"":2.03305},{""period"":""2025-04-07"",""ratio"":3.38016},{""period"":""2025-04-14"",""ratio"":6.57851},{""period"":""2025-04-21"",""ratio"":13.93388},{""period"":""2025-04-28"",""ratio"":79.50413},{""period"":""2025-05-05"",""ratio"":100},{""period"":""2025-05-12"",""ratio"":52.76859},{""period"":""2025-05-19"",""ratio"":26.47107},{""period"":""2025-05-26"",""ratio"":11.52066}]}]}"
파과,m,3,"{'startDate': '2025-03-31', 'endDate': '2025-05-30', 'timeUnit': 'week', 'keywordGroups': [{'groupName': '파과', 'keywords': ['파과', 'THE OLD WOMAN WITH THE KNIFE']}], 'gender': 'm', 'ages': ['3']}","{""startDate"":""2025-03-31"",""endDate"":""2025-06-01"",""timeUnit"":""week"",""results"":[{""title"":""파과"",""keywords"":[""파과"",""THE OLD WOMAN WITH THE KNIFE""],""data"":[{""period"":""2025-03-31"",""ratio"":3.00333},{""period"":""2025-04-07"",""ratio"":4.07313},{""period"":""2025-04-14"",""ratio"":9.79042},{""period"":""2025-04-21"",""ratio"":21.04524},{""period"":""2025-04-28"",""ratio"":89.50806},{""period"":""2025-05-05"",""ratio"":100},{""period"":""2025-05-12"",""ratio"":68.00683},{""period"":""2025-05-19"",""ratio"":34.50543},{""period"":""2025-05-26"",""ratio"":16.47229}]}]}"
파과,m,4,"{'startDate': '2025-03-31', 'endDate': '2025-05-30', 'timeUnit': 'week', 'keywordGroups': [{'groupName': '파과', 'keywords': ['파과', 'THE OLD WOMAN WITH THE KNIFE']}], 'gender': 'm', 'ages': ['4']}","{""startDate"":""2025-03-31"",""endDate"":""2025-06-01"",""timeUnit"":""week"",""results"":[{""title"":""파과"",""keywords"":[""파과"",""THE OLD WOMAN WITH THE KNIFE""],""data"":[{""period"":""2025-03-31"",""ratio"":2.90742},{""period"":""2025-04-07"",""ratio"":3.64356},{""period"":""2025-04-14"",""ratio"":10.08629},{""period"":""2025-04-21"",""ratio"":23.04599},{""period"":""2025-04-28"",""ratio"":95.94816},{""period"":""2025-05-05"",""ratio"":100},{""period"":""2025-05-12"",""ratio"":59.86514},{""period"":""2025-05-19"",""ratio"":29.68977},{""period"":""2025-05-26"",""ratio"":15.82382}]}]}"
파과,m,5,"{'startDate': '2025-03-31', 'endDate': '2025-05-30', 'timeUnit': 'week', 'keywordGroups': [{'groupName': '파과', 'keywords': ['파과', 'THE OLD WOMAN WITH THE KNIFE']}], 'gender': 'm', 'ages': ['5']}","{""startDate"":""2025-03-31"",""endDate"":""2025-06-01"",""timeUnit"":""week"",""results"":[{""title"":""파과"",""keywords"":[""파과"",""THE OLD WOMAN WITH THE KNIFE""],""data"":[{""period"":""2025-03-31"",""ratio"":3.28068},{""period"":""2025-04-07"",""ratio"":4.14034},{""period"":""2025-04-14"",""ratio"":11.82547},{""period"":""2025-04-21"",""ratio"":25.8959},{""period"":""2025-04-28"",""ratio"":100},{""period"":""2025-05-05"",""ratio"":91.57172},{""period"":""2025-05-12"",""ratio"":52.13102},{""period"":""2025-05-19"",""ratio"":27.49611},{""period"":""2025-05-26"",""ratio"":18.50336}]}]}"
파과,m,6,"{'startDate': '2025-03-31', 'endDate': '2025-05-30', 'timeUnit': 'week', 'keywordGroups': [{'groupName': '파과', 'keywords': ['파과', 'THE OLD WOMAN WITH THE KNIFE']}], 'gender': 'm', 'ages': ['6']}","{""startDate"":""2025-03-31"",""endDate"":""2025-06-01"",""timeUnit"":""week"",""results"":[{""title"":""파과"",""keywords"":[""파과"",""THE OLD WOMAN WITH THE KNIFE""],""data"":[{""period"":""2025-03-31"",""ratio"":3.08284},{""period"":""2025-04-07"",""ratio"":4.64937},{""period"":""2025-04-14"",""ratio"":14.12552},{""period"":""2025-04-21"",""ratio"":28.76652},{""period"":""2025-04-28"",""ratio"":100},{""period"":""2025-05-05"",""ratio"":79.87615},{""period"":""2025-05-12"",""ratio"":47.55481},{""period"":""2025-05-19"",""ratio"":27.89623},{""period"":""2025-05-26"",""ratio"":21.43263}]}]}"
파과,m,7,"{'startDate': '2025-03-31', 'endDate': '2025-05-30', 'timeUnit': 'week', 'keywordGroups': [{'groupName': '파과', 'keywords': ['파과', 'THE OLD WOMAN WITH THE KNIFE']}], 'gender': 'm', 'ages': ['7']}","{""startDate"":""2025-03-31"",""endDate"":""2025-06-01"",""timeUnit"":""week"",""results"":[{""title"":""파과"",""keywords"":[""파과"",""THE OLD WOMAN WITH THE KNIFE""],""data"":[{""period"":""2025-03-31"",""ratio"":2.27517},{""period"":""2025-04-07"",""ratio"":4.27056},{""period"":""2025-04-14"",""ratio"":14.15526},{""period"":""2025-04-21"",""ratio"":27.35126},{""period"":""2025-04-28"",""ratio"":100},{""period"":""2025-05-05"",""ratio"":77.68178},{""period"":""2025-05-12"",""ratio"":49.79246},{""period"":""2025-05-19"",""ratio"":29.96771},{""period"":""2025-05-26"",""ratio"":22.91775}]}]}"
파과,m,8,"{'startDate': '2025-03-31', 'endDate': '2025-05-30', 'timeUnit': 'week', 'keywordGroups': [{'groupName': '파과', 'keywords': ['파과', 'THE OLD WOMAN WITH THE KNIFE']}], 'gender': 'm', 'ages': ['8']}","{""startDate"":""2025-03-31"",""endDate"":""2025-06-01"",""timeUnit"":""week"",""results"":[{""title"":""파과"",""keywords"":[""파과"",""THE OLD WOMAN WITH THE KNIFE""],""data"":[{""period"":""2025-03-31"",""ratio"":2.1884},{""period"":""2025-04-07"",""ratio"":4.45862},{""period"":""2025-04-14"",""ratio"":14.693},{""period"":""2025-04-21"",""ratio"":26.4695},{""period"":""2025-04-28"",""ratio"":100},{""period"":""2025-05-05"",""ratio"":75.96842},{""period"":""2025-05-12"",""ratio"":48.12451},{""period"":""2025-05-19"",""ratio"":31.76258},{""period"":""2025-05-26"",""ratio"":23.53663}]}]}"
파과,m,9,"{'startDate': '2025-03-31', 'endDate': '2025-05-30', 'timeUnit': 'week', 'keywordGroups': [{'groupName': '파과', 'keywords': ['파과', 'THE OLD WOMAN WITH THE KNIFE']}], 'gender': 'm', 'ages': ['9']}","{""startDate"":""2025-03-31"",""endDate"":""2025-06-01"",""timeUnit"":""week"",""results"":[{""title"":""파과"",""keywords"":[""파과"",""THE OLD WOMAN WITH THE KNIFE""],""data"":[{""period"":""2025-03-31"",""ratio"":2.42557},{""period"":""2025-04-07"",""ratio"":4.6919},{""period"":""2025-04-14"",""ratio"":15.96226},{""period"":""2025-04-21"",""ratio"":27.83902},{""period"":""2025-04-28"",""ratio"":100},{""period"":""2025-05-05"",""ratio"":79.29682},{""period"":""2025-05-12"",""ratio"":52.05194},{""period"":""2025-05-19"",""ratio"":34.69925},{""period"":""2025-05-26"",""ratio"":22.74286}]}]}"
파과,m,10,"{'startDate': '2025-03-31', 'endDate': '2025-05-30', 'timeUnit': 'week', 'keywordGroups': [{'groupName': '파과', 'keywords': ['파과', 'THE OLD WOMAN WITH THE KNIFE']}], 'gender': 'm', 'ages': ['10']}","{""startDate"":""2025-03-31"",""endDate"":""2025-06-01"",""timeUnit"":""week"",""results"":[{""title"":""파과"",""keywords"":[""파과"",""THE OLD WOMAN WITH THE KNIFE""],""data"":[{""period"":""2025-03-31"",""ratio"":1.92866},{""period"":""2025-04-07"",""ratio"":4.39894},{""period"":""2025-04-14"",""ratio"":13.05151},{""period"":""2025-04-21"",""ratio"":27.06737},{""period"":""2025-04-28"",""ratio"":100},{""period"":""2025-05-05"",""ratio"":88.9564},{""period"":""2025-05-12"",""ratio"":62.53632},{""period"":""2025-05-19"",""ratio"":40.7926},{""period"":""2025-05-26"",""ratio"":23.71202}]}]}"
파과,m,11,"{'startDate': '2025-03-31', 'endDate': '2025-05-30', 'timeUnit': 'week', 'keywordGroups': [{'groupName': '파과', 'keywords': ['파과', 'THE OLD WOMAN WITH THE KNIFE']}], 'gender': 'm', 'ages': ['11']}","{""startDate"":""2025-03-31"",""endDate"":""2025-06-01"",""timeUnit"":""week"",""results"":[{""title"":""파과"",""keywords"":[""파과"",""THE OLD WOMAN WITH THE KNIFE""],""data"":[{""period"":""2025-03-31"",""ratio"":2.14943},{""period"":""2025-04-07"",""ratio"":4.64687},{""period"":""2025-04-14"",""ratio"":12.9785},{""period"":""2025-04-21"",""ratio"":28.72057},{""period"":""2025-04-28"",""ratio"":97.78915},{""period"":""2025-05-05"",""ratio"":100},{""period"":""2025-05-12"",""ratio"":78.17809},{""period"":""2025-05-19"",""ratio"":46.98055},{""period"":""2025-05-26"",""ratio"":25.77277}]}]}"
파과,f,2,"{'startDate': '2025-03-31', 'endDate': '2025-05-30', 'timeUnit': 'week', 'keywordGroups': [{'groupName': '파과', 'keywords': ['파과', 'THE OLD WOMAN WITH THE KNIFE']}], 'gender': 'f', 'ages': ['2']}","{""startDate"":""2025-03-31"",""endDate"":""2025-06-01"",""timeUnit"":""week"",""results"":[{""title"":""파과"",""keywords"":[""파과"",""THE OLD WOMAN WITH THE KNIFE""],""data"":[{""period"":""2025-03-31"",""ratio"":3.59741},{""period"":""2025-04-07"",""ratio"":6.86655},{""period"":""2025-04-14"",""ratio"":10.74574},{""period"":""2025-04-21"",""ratio"":20.03884},{""period"":""2025-04-28"",""ratio"":90.11872},{""period"":""2025-05-05"",""ratio"":100},{""period"":""2025-05-12"",""ratio"":56.67505},{""period"":""2025-05-19"",""ratio"":32.25638},{""period"":""2025-05-26"",""ratio"":16.97488}]}]}"
파과,f,3,"{'startDate': '2025-03-31', 'endDate': '2025-05-30', 'timeUnit': 'week', 'keywordGroups': [{'groupName': '파과', 'keywords': ['파과', 'THE OLD WOMAN WITH THE KNIFE']}], 'gender': 'f', 'ages': ['3']}","{""startDate"":""2025-03-31"",""endDate"":""2025-06-01"",""timeUnit"":""week"",""results"":[{""title"":""파과"",""keywords"":[""파과"",""THE OLD WOMAN WITH THE KNIFE""],""data"":[{""period"":""2025-03-31"",""ratio"":4.69722},{""period"":""2025-04-07"",""ratio"":6.48568},{""period"":""2025-04-14"",""ratio"":12.47528},{""period"":""2025-04-21"",""ratio"":30.48985},{""period"":""2025-04-28"",""ratio"":100},{""period"":""2025-05-05"",""ratio"":95.36684},{""period"":""2025-05-12"",""ratio"":64.60972},{""period"":""2025-05-19"",""ratio"":37.95306},{""period"":""2025-05-26"",""ratio"":20.73112}]}]}"
파과,f,4,"{'startDate': '2025-03-31', 'endDate': '2025-05-30', 'timeUnit': 'week', 'keywordGroups': [{'groupName': '파과', 'keywords': ['파과', 'THE OLD WOMAN WITH THE KNIFE']}], 'gender': 'f', 'ages': ['4']}","{""startDate"":""2025-03-31"",""endDate"":""2025-06-01"",""timeUnit"":""week"",""results"":[{""title"":""파과"",""keywords"":[""파과"",""THE OLD WOMAN WITH THE KNIFE""],""data"":[{""period"":""2025-03-31"",""ratio"":4.85094},{""period"":""2025-04-07"",""ratio"":6.49622},{""period"":""2025-04-14"",""ratio"":12.59622},{""period"":""2025-04-21"",""ratio"":28.76037},{""period"":""2025-04-28"",""ratio"":100},{""period"":""2025-05-05"",""ratio"":89.93962},{""period"":""2025-05-12"",""ratio"":54.88113},{""period"":""2025-05-19"",""ratio"":31.11698},{""period"":""2025-05-26"",""ratio"":18.24716}]}]}"
파과,f,5,"{'startDate': '2025-03-31', 'endDate': '2025-05-30', 'timeUnit': 'week', 'keywordGroups': [{'groupName': '파과', 'keywords': ['파과', 'THE OLD WOMAN WITH THE KNIFE']}], 'gender': 'f', 'ages': ['5']}","{""startDate"":""2025-03-31"",""endDate"":""2025-06-01"",""timeUnit"":""week"",""results"":[{""title"":""파과"",""keywords"":[""파과"",""THE OLD WOMAN WITH THE KNIFE""],""data"":[{""period"":""2025-03-31"",""ratio"":5.25603},{""period"":""2025-04-07"",""ratio"":6.82444},{""period"":""2025-04-14"",""ratio"":13.66055},{""period"":""2025-04-21"",""ratio"":29.35863},{""period"":""2025-04-28"",""ratio"":100},{""period"":""2025-05-05"",""ratio"":85.72795},{""period"":""2025-05-12"",""ratio"":50.7772},{""period"":""2025-05-19"",""ratio"":28.07029},{""period"":""2025-05-26"",""ratio"":16.90239}]}]}"
파과,f,6,"{'startDate': '2025-03-31', 'endDate': '2025-05-30', 'timeUnit': 'week', 'keywordGroups': [{'groupName': '파과', 'keywords': ['파과', 'THE OLD WOMAN WITH THE KNIFE']}], 'gender': 'f', 'ages': ['6']}","{""startDate"":""2025-03-31"",""endDate"":""2025-06-01"",""timeUnit"":""week"",""results"":[{""title"":""파과"",""keywords"":[""파과"",""THE OLD WOMAN WITH THE KNIFE""],""data"":[{""period"":""2025-03-31"",""ratio"":5.36001},{""period"":""2025-04-07"",""ratio"":7.10459},{""period"":""2025-04-14"",""ratio"":16.22159},{""period"":""2025-04-21"",""ratio"":29.83395},{""period"":""2025-04-28"",""ratio"":100},{""period"":""2025-05-05"",""ratio"":81.70097},{""period"":""2025-05-12"",""ratio"":50.79195},{""period"":""2025-05-19"",""ratio"":28.33422},{""period"":""2025-05-26"",""ratio"":17.47264}]}]}"
파과,f,7,"{'startDate': '2025-03-31', 'endDate': '2025-05-30', 'timeUnit': 'week', 'keywordGroups': [{'groupName': '파과', 'keywords': ['파과', 'THE OLD WOMAN WITH THE KNIFE']}], 'gender': 'f', 'ages': ['7']}","{""startDate"":""2025-03-31"",""endDate"":""2025-06-01"",""timeUnit"":""week"",""results"":[{""title"":""파과"",""keywords"":[""파과"",""THE OLD WOMAN WITH THE KNIFE""],""data"":[{""period"":""2025-03-31"",""ratio"":4.74186},{""period"":""2025-04-07"",""ratio"":7.29987},{""period"":""2025-04-14"",""ratio"":16.47778},{""period"":""2025-04-21"",""ratio"":27.93667},{""period"":""2025-04-28"",""ratio"":100},{""period"":""2025-05-05"",""ratio"":81.20165},{""period"":""2025-05-12"",""ratio"":50.57024},{""period"":""2025-05-19"",""ratio"":29.23907},{""period"":""2025-05-26"",""ratio"":16.64687}]}]}"
파과,f,8,"{'startDate': '2025-03-31', 'endDate': '2025-05-30', 'timeUnit': 'week', 'keywordGroups': [{'groupName': '파과', 'keywords': ['파과', 'THE OLD WOMAN WITH THE KNIFE']}], 'gender': 'f', 'ages': ['8']}","{""startDate"":""2025-03-31"",""endDate"":""2025-06-01"",""timeUnit"":""week"",""results"":[{""title"":""파과"",""keywords"":[""파과"",""THE OLD WOMAN WITH THE KNIFE""],""data"":[{""period"":""2025-03-31"",""ratio"":4.29251},{""period"":""2025-04-07"",""ratio"":6.9211},{""period"":""2025-04-14"",""ratio"":16.93415},{""period"":""2025-04-21"",""ratio"":26.45857},{""period"":""2025-04-28"",""ratio"":100},{""period"":""2025-05-05"",""ratio"":81.47352},{""period"":""2025-05-12"",""ratio"":50.22115},{""period"":""2025-05-19"",""ratio"":29.87488},{""period"":""2025-05-26"",""ratio"":16.72353}]}]}"
파과,f,9,"{'startDate': '2025-03-31', 'endDate': '2025-05-30', 'timeUnit': 'week', 'keywordGroups': [{'groupName': '파과', 'keywords': ['파과', 'THE OLD WOMAN WITH THE KNIFE']}], 'gender': 'f', 'ages': ['9']}","{""startDate"":""2025-03-31"",""endDate"":""2025-06-01"",""timeUnit"":""week"",""results"":[{""title"":""파과"",""keywords"":[""파과"",""THE OLD WOMAN WITH THE KNIFE""],""data"":[{""period"":""2025-03-31"",""ratio"":3.65579},{""period"":""2025-04-07"",""ratio"":6.08489},{""period"":""2025-04-14"",""ratio"":16.76686},{""period"":""2025-04-21"",""ratio"":26.43468},{""period"":""2025-04-28"",""ratio"":100},{""period"":""2025-05-05"",""ratio"":83.12382},{""period"":""2025-05-12"",""ratio"":53.37948},{""period"":""2025-05-19"",""ratio"":32.33132},{""period"":""2025-05-26"",""ratio"":18.12716}]}]}"
파과,f,10,"{'startDate': '2025-03-31', 'endDate': '2025-05-30', 'timeUnit': 'week', 'keywordGroups': [{'groupName': '파과', 'keywords': ['파과', 'THE OLD WOMAN WITH THE KNIFE']}], 'gender': 'f', 'ages': ['10']}","{""startDate"":""2025-03-31"",""endDate"":""2025-06-01"",""timeUnit"":""week"",""results"":[{""title"":""파과"",""keywords"":[""파과"",""THE OLD WOMAN WITH THE KNIFE""],""data"":[{""period"":""2025-03-31"",""ratio"":4.48382},{""period"":""2025-04-07"",""ratio"":6.1082},{""period"":""2025-04-14"",""ratio"":14.90132},{""period"":""2025-04-21"",""ratio"":27.13115},{""period"":""2025-04-28"",""ratio"":100},{""period"":""2025-05-05"",""ratio"":90.42824},{""period"":""2025-05-12"",""ratio"":62.19626},{""period"":""2025-05-19"",""ratio"":37.62921},{""period"":""2025-05-26"",""ratio"":20.39199}]}]}"
파과,f,11,"{'startDate': '2025-03-31', 'endDate': '2025-05-30', 'timeUnit': 'week', 'keywordGroups': [{'groupName': '파과', 'keywords': ['파과', 'THE OLD WOMAN WITH THE KNIFE']}], 'gender': 'f', 'ages': ['11']}","{""startDate"":""2025-03-31"",""endDate"":""2025-06-01"",""timeUnit"":""week"",""results"":[{""title"":""파과"",""keywords"":[""파과"",""THE OLD WOMAN WITH THE KNIFE""],""data"":[{""period"":""2025-03-31"",""ratio"":4.01013},{""period"":""2025-04-07"",""ratio"":6.0574},{""period"":""2025-04-14"",""ratio"":13.40227},{""period"":""2025-04-21"",""ratio"":26.55128},{""period"":""2025-04-28"",""ratio"":100},{""period"":""2025-05-05"",""ratio"":96.79189},{""period"":""2025-05-12"",""ratio"":69.29084},{""period"":""2025-05-19"",""ratio"":43.54157},{""period"":""2025-05-26"",""ratio"":21.90797}]}]}"
해피엔드,m,2,"{'startDate': '2025-03-31', 'endDate': '2025-05-30', 'timeUnit': 'week', 'keywordGroups': [{'groupName': '해피엔드', 'keywords': ['해피엔드', 'Happyend']}], 'gender': 'm', 'ages': ['2']}","{""startDate"":""2025-03-31"",""endDate"":""2025-06-01"",""timeUnit"":""week"",""results"":[{""title"":""해피엔드"",""keywords"":[""해피엔드"",""Happyend""],""data"":[{""period"":""2025-03-31"",""ratio"":2.03665},{""period"":""2025-04-07"",""ratio"":3.46232},{""period"":""2025-04-14"",""ratio"":4.17515},{""period"":""2025-04-21"",""ratio"":13.64562},{""period"":""2025-04-28"",""ratio"":80.85539},{""period"":""2025-05-05"",""ratio"":100},{""period"":""2025-05-12"",""ratio"":66.59877},{""period"":""2025-05-19"",""ratio"":44.70468},{""period"":""2025-05-26"",""ratio"":41.24236}]}]}"
해피엔드,m,3,"{'startDate': '2025-03-31', 'endDate': '2025-05-30', 'timeUnit': 'week', 'keywordGroups': [{'groupName': '해피엔드', 'keywords': ['해피엔드', 'Happyend']}], 'gender': 'm', 'ages': ['3']}","{""startDate"":""2025-03-31"",""endDate"":""2025-06-01"",""timeUnit"":""week"",""results"":[{""title"":""해피엔드"",""keywords"":[""해피엔드"",""Happyend""],""data"":[{""period"":""2025-03-31"",""ratio"":2.52715},{""period"":""2025-04-07"",""ratio"":3.85723},{""period"":""2025-04-14"",""ratio"":5.34249},{""period"":""2025-04-21"",""ratio"":11.48304},{""period"":""2025-04-28"",""ratio"":74.6176},{""period"":""2025-05-05"",""ratio"":100},{""period"":""2025-05-12"",""ratio"":82.7311},{""period"":""2025-05-19"",""ratio"":58.05808},{""period"":""2025-05-26"",""ratio"":41.63156}]}]}"
해피엔드,m,4,"{'startDate': '2025-03-31', 'endDate': '2025-05-30', 'timeUnit': 'week', 'keywordGroups': [{'groupName': '해피엔드', 'keywords': ['해피엔드', 'Happyend']}], 'gender': 'm', 'ages': ['4']}","{""startDate"":""2025-03-31"",""endDate"":""2025-06-01"",""timeUnit"":""week"",""results"":[{""title"":""해피엔드"",""keywords"":[""해피엔드"",""Happyend""],""data"":[{""period"":""2025-03-31"",""ratio"":2.50677},{""period"":""2025-04-07"",""ratio"":3.20686},{""period"":""2025-04-14"",""ratio"":5.64588},{""period"":""2025-04-21"",""ratio"":11.99186},{""period"":""2025-04-28"",""ratio"":80.28455},{""period"":""2025-05-05"",""ratio"":100},{""period"":""2025-05-12"",""ratio"":80.64588},{""period"":""2025-05-19"",""ratio"":54.65221},{""period"":""2025-05-26"",""ratio"":41.39566}]}]}"
해피엔드,m,5,"{'startDate': '2025-03-31', 'endDate': '2025-05-30', 'timeUnit': 'week', 'keywordGroups': [{'groupName': '해피엔드', 'keywords': ['해피엔드', 'Happyend']}], 'gender': 'm', 'ages': ['5']}","{""startDate"":""2025-03-31"",""endDate"":""2025-06-01"",""timeUnit"":""week"",""results"":[{""title"":""해피엔드"",""keywords"":[""해피엔드"",""Happyend""],""data"":[{""period"":""2025-03-31"",""ratio"":2.46429},{""period"":""2025-04-07"",""ratio"":4.56454},{""period"":""2025-04-14"",""ratio"":5.8527},{""period"":""2025-04-21"",""ratio"":13.10557},{""period"":""2025-04-28"",""ratio"":83.50602},{""period"":""2025-05-05"",""ratio"":100},{""period"":""2025-05-12"",""ratio"":76.05712},{""period"":""2025-05-19"",""ratio"":51.33015},{""period"":""2025-05-26"",""ratio"":39.26071}]}]}"
해피엔드,m,6,"{'startDate': '2025-03-31', 'endDate': '2025-05-30', 'timeUnit': 'week', 'keywordGroups': [{'groupName': '해피엔드', 'keywords': ['해피엔드', 'Happyend']}], 'gender': 'm', 'ages': ['6']}","{""startDate"":""2025-03-31"",""endDate"":""2025-06-01"",""timeUnit"":""week"",""results"":[{""title"":""해피엔드"",""keywords"":[""해피엔드"",""Happyend""],""data"":[{""period"":""2025-03-31"",""ratio"":1.67076},{""period"":""2025-04-07"",""ratio"":5.06142},{""period"":""2025-04-14"",""ratio"":7.07616},{""period"":""2025-04-21"",""ratio"":15.18427},{""period"":""2025-04-28"",""ratio"":87.51842},{""period"":""2025-05-05"",""ratio"":100},{""period"":""2025-05-12"",""ratio"":78.03439},{""period"":""2025-05-19"",""ratio"":50.12285},{""period"":""2025-05-26"",""ratio"":34.69287}]}]}"
해피엔드,m,7,"{'startDate': '2025-03-31', 'endDate': '2025-05-30', 'timeUnit': 'week', 'keywordGroups': [{'groupName': '해피엔드', 'keywords': ['해피엔드', 'Happyend']}], 'gender': 'm', 'ages': ['7']}","{""startDate"":""2025-03-31"",""endDate"":""2025-06-01"",""timeUnit"":""week"",""results"":[{""title"":""해피엔드"",""keywords"":[""해피엔드"",""Happyend""],""data"":[{""period"":""2025-03-31"",""ratio"":2.64171},{""period"":""2025-04-07"",""ratio"":6.82443},{""period"":""2025-04-14"",""ratio"":6.9345},{""period"":""2025-04-21"",""ratio"":13.92405},{""period"":""2025-04-28"",""ratio"":99.72482},{""period"":""2025-05-05"",""ratio"":100},{""period"":""2025-05-12"",""ratio"":86.84645},{""period"":""2025-05-19"",""ratio"":65.05228},{""period"":""2025-05-26"",""ratio"":29.49917}]}]}"
해피엔드,m,8,"{'startDate': '2025-03-31', 'endDate': '2025-05-30', 'timeUnit': 'week', 'keywordGroups': [{'groupName': '해피엔드', 'keywords': ['해피엔드', 'Happyend']}], 'gender': 'm', 'ages': ['8']}","{""startDate"":""2025-03-31"",""endDate"":""2025-06-01"",""timeUnit"":""week"",""results"":[{""title"":""해피엔드"",""keywords"":[""해피엔드"",""Happyend""],""data"":[{""period"":""2025-03-31"",""ratio"":2.23072},{""period"":""2025-04-07"",""ratio"":7.20203},{""period"":""2025-04-14"",""ratio"":6.11854},{""period"":""2025-04-21"",""ratio"":13.57552},{""period"":""2025-04-28"",""ratio"":96.04843},{""period"":""2025-05-05"",""ratio"":100},{""period"":""2025-05-12"",""ratio"":79.60484},{""period"":""2025-05-19"",""ratio"":60.80305},{""period"":""2025-05-26"",""ratio"":25.74888}]}]}"
해피엔드,m,9,"{'startDate': '2025-03-31', 'endDate': '2025-05-30', 'timeUnit': 'week', 'keywordGroups': [{'groupName': '해피엔드', 'keywords': ['해피엔드', 'Happyend']}], 'gender': 'm', 'ages': ['9']}","{""startDate"":""2025-03-31"",""endDate"":""2025-06-01"",""timeUnit"":""week"",""results"":[{""title"":""해피엔드"",""keywords"":[""해피엔드"",""Happyend""],""data"":[{""period"":""2025-03-31"",""ratio"":1.9884},{""period"":""2025-04-07"",""ratio"":4.72245},{""period"":""2025-04-14"",""ratio"":6.7937},{""period"":""2025-04-21"",""ratio"":13.256},{""period"":""2025-04-28"",""ratio"":98.42584},{""period"":""2025-05-05"",""ratio"":100},{""period"":""2025-05-12"",""ratio"":82.93289},{""period"":""2025-05-19"",""ratio"":64.87158},{""period"":""2025-05-26"",""ratio"":30.73736}]}]}"
해피엔드,m,10,"{'startDate': '2025-03-31', 'endDate': '2025-05-30', 'timeUnit': 'week', 'keywordGroups': [{'groupName': '해피엔드', 'keywords': ['해피엔드', 'Happyend']}], 'gender': 'm', 'ages': ['10']}","{""startDate"":""2025-03-31"",""endDate"":""2025-06-01"",""timeUnit"":""week"",""results"":[{""title"":""해피엔드"",""keywords"":[""해피엔드"",""Happyend""],""data"":[{""period"":""2025-03-31"",""ratio"":2.16216},{""period"":""2025-04-07"",""ratio"":6.08108},{""period"":""2025-04-14"",""ratio"":5.67567},{""period"":""2025-04-21"",""ratio"":19.05405},{""period"":""2025-04-28"",""ratio"":90.4054},{""period"":""2025-05-05"",""ratio"":100},{""period"":""2025-05-12"",""ratio"":76.35135},{""period"":""2025-05-19"",""ratio"":62.97297},{""period"":""2025-05-26"",""ratio"":29.05405}]}]}"
해피엔드,m,11,"{'startDate': '2025-03-31', 'endDate': '2025-05-30', 'timeUnit': 'week', 'keywordGroups': [{'groupName': '해피엔드', 'keywords': ['해피엔드', 'Happyend']}], 'gender': 'm', 'ages': ['11']}","{""startDate"":""2025-03-31"",""endDate"":""2025-06-01"",""timeUnit"":""week"",""results"":[{""title"":""해피엔드"",""keywords"":[""해피엔드"",""Happyend""],""data"":[{""period"":""2025-03-31"",""ratio"":3.6563},{""period"":""2025-04-07"",""ratio"":11.33455},{""period"":""2025-04-14"",""ratio"":6.39853},{""period"":""2025-04-21"",""ratio"":20.47531},{""period"":""2025-04-28"",""ratio"":93.78427},{""period"":""2025-05-05"",""ratio"":100},{""period"":""2025-05-12"",""ratio"":83.54661},{""period"":""2025-05-19"",""ratio"":70.93235},{""period"":""2025-05-26"",""ratio"":35.10054}]}]}"
해피엔드,f,2,"{'startDate': '2025-03-31', 'endDate': '2025-05-30', 'timeUnit': 'week', 'keywordGroups': [{'groupName': '해피엔드', 'keywords': ['해피엔드', 'Happyend']}], 'gender': 'f', 'ages': ['2']}","{""startDate"":""2025-03-31"",""endDate"":""2025-06-01"",""timeUnit"":""week"",""results"":[{""title"":""해피엔드"",""keywords"":[""해피엔드"",""Happyend""],""data"":[{""period"":""2025-03-31"",""ratio"":1.13803},{""period"":""2025-04-07"",""ratio"":2.14218},{""period"":""2025-04-14"",""ratio"":2.39657},{""period"":""2025-04-21"",""ratio"":11.76864},{""period"":""2025-04-28"",""ratio"":77.76141},{""period"":""2025-05-05"",""ratio"":100},{""period"":""2025-05-12"",""ratio"":54.65256},{""period"":""2025-05-19"",""ratio"":34.16789},{""period"":""2025-05-26"",""ratio"":26.30874}]}]}"
해피엔드,f,3,"{'startDate': '2025-03-31', 'endDate': '2025-05-30', 'timeUnit': 'week', 'keywordGroups': [{'groupName': '해피엔드', 'keywords': ['해피엔드', 'Happyend']}], 'gender': 'f', 'ages': ['3']}","{""startDate"":""2025-03-31"",""endDate"":""2025-06-01"",""timeUnit"":""week"",""results"":[{""title"":""해피엔드"",""keywords"":[""해피엔드"",""Happyend""],""data"":[{""period"":""2025-03-31"",""ratio"":1.36917},{""period"":""2025-04-07"",""ratio"":2.58821},{""period"":""2025-04-14"",""ratio"":3.62492},{""period"":""2025-04-21"",""ratio"":17.19157},{""period"":""2025-04-28"",""ratio"":86.66213},{""period"":""2025-05-05"",""ratio"":100},{""period"":""2025-05-12"",""ratio"":62.96786},{""period"":""2025-05-19"",""ratio"":37.63271},{""period"":""2025-05-26"",""ratio"":28.84209}]}]}"
해피엔드,f,4,"{'startDate': '2025-03-31', 'endDate': '2025-05-30', 'timeUnit': 'week', 'keywordGroups': [{'groupName': '해피엔드', 'keywords': ['해피엔드', 'Happyend']}], 'gender': 'f', 'ages': ['4']}","{""startDate"":""2025-03-31"",""endDate"":""2025-06-01"",""timeUnit"":""week"",""results"":[{""title"":""해피엔드"",""keywords"":[""해피엔드"",""Happyend""],""data"":[{""period"":""2025-03-31"",""ratio"":1.90254},{""period"":""2025-04-07"",""ratio"":2.94781},{""period"":""2025-04-14"",""ratio"":4.56459},{""period"":""2025-04-21"",""ratio"":18.5291},{""period"":""2025-04-28"",""ratio"":88.59978},{""period"":""2025-05-05"",""ratio"":100},{""period"":""2025-05-12"",""ratio"":68.43886},{""period"":""2025-05-19"",""ratio"":45.18724},{""period"":""2025-05-26"",""ratio"":37.2086}]}]}"
해피엔드,f,5,"{'startDate': '2025-03-31', 'endDate': '2025-05-30', 'timeUnit': 'week', 'keywordGroups': [{'groupName': '해피엔드', 'keywords': ['해피엔드', 'Happyend']}], 'gender': 'f', 'ages': ['5']}","{""startDate"":""2025-03-31"",""endDate"":""2025-06-01"",""timeUnit"":""week"",""results"":[{""title"":""해피엔드"",""keywords"":[""해피엔드"",""Happyend""],""data"":[{""period"":""2025-03-31"",""ratio"":2.38224},{""period"":""2025-04-07"",""ratio"":3.95235},{""period"":""2025-04-14"",""ratio"":6.2985},{""period"":""2025-04-21"",""ratio"":18.69698},{""period"":""2025-04-28"",""ratio"":87.31275},{""period"":""2025-05-05"",""ratio"":100},{""period"":""2025-05-12"",""ratio"":72.67641},{""period"":""2025-05-19"",""ratio"":51.29038},{""period"":""2025-05-26"",""ratio"":45.58743}]}]}"
해피엔드,f,6,"{'startDate': '2025-03-31', 'endDate': '2025-05-30', 'timeUnit': 'week', 'keywordGroups': [{'groupName': '해피엔드', 'keywords': ['해피엔드', 'Happyend']}], 'gender': 'f', 'ages': ['6']}","{""startDate"":""2025-03-31"",""endDate"":""2025-06-01"",""timeUnit"":""week"",""results"":[{""title"":""해피엔드"",""keywords"":[""해피엔드"",""Happyend""],""data"":[{""period"":""2025-03-31"",""ratio"":2.79027},{""period"":""2025-04-07"",""ratio"":6.30063},{""period"":""2025-04-14"",""ratio"":7.11071},{""period"":""2025-04-21"",""ratio"":20.20702},{""period"":""2025-04-28"",""ratio"":91.49414},{""period"":""2025-05-05"",""ratio"":100},{""period"":""2025-05-12"",""ratio"":79.79297},{""period"":""2025-05-19"",""ratio"":54.50045},{""period"":""2025-05-26"",""ratio"":48.15481}]}]}"
해피엔드,f,7,"{'startDate': '2025-03-31', 'endDate': '2025-05-30', 'timeUnit': 'week', 'keywordGroups': [{'groupName': '해피엔드', 'keywords': ['해피엔드', 'Happyend']}], 'gender': 'f', 'ages': ['7']}","{""startDate"":""2025-03-31"",""endDate"":""2025-06-01"",""timeUnit"":""week"",""results"":[{""title"":""해피엔드"",""keywords"":[""해피엔드"",""Happyend""],""data"":[{""period"":""2025-03-31"",""ratio"":2.99435},{""period"":""2025-04-07"",""ratio"":7.00564},{""period"":""2025-04-14"",""ratio"":6.44067},{""period"":""2025-04-21"",""ratio"":17.11864},{""period"":""2025-04-28"",""ratio"":87.23163},{""period"":""2025-05-05"",""ratio"":100},{""period"":""2025-05-12"",""ratio"":83.50282},{""period"":""2025-05-19"",""ratio"":54.01129},{""period"":""2025-05-26"",""ratio"":43.44632}]}]}"
해피엔드,f,8,"{'startDate': '2025-03-31', 'endDate': '2025-05-30', 'timeUnit': 'week', 'keywordGroups': [{'groupName': '해피엔드', 'keywords': ['해피엔드', 'Happyend']}], 'gender': 'f', 'ages': ['8']}","{""startDate"":""2025-03-31"",""endDate"":""2025-06-01"",""timeUnit"":""week"",""results"":[{""title"":""해피엔드"",""keywords"":[""해피엔드"",""Happyend""],""data"":[{""period"":""2025-03-31"",""ratio"":2.62329},{""period"":""2025-04-07"",""ratio"":6.50577},{""period"":""2025-04-14"",""ratio"":6.2959},{""period"":""2025-04-21"",""ratio"":14.53305},{""period"":""2025-04-28"",""ratio"":80.27282},{""period"":""2025-05-05"",""ratio"":100},{""period"":""2025-05-12"",""ratio"":73.66211},{""period"":""2025-05-19"",""ratio"":51.20671},{""period"":""2025-05-26"",""ratio"":38.03777}]}]}"
해피엔드,f,9,"{'startDate': '2025-03-31', 'endDate': '2025-05-30', 'timeUnit': 'week', 'keywordGroups': [{'groupName': '해피엔드', 'keywords': ['해피엔드', 'Happyend']}], 'gender': 'f', 'ages': ['9']}","{""startDate"":""2025-03-31"",""endDate"":""2025-06-01"",""timeUnit"":""week"",""results"":[{""title"":""해피엔드"",""keywords"":[""해피엔드"",""Happyend""],""data"":[{""period"":""2025-03-31"",""ratio"":1.77752},{""period"":""2025-04-07"",""ratio"":4.58715},{""period"":""2025-04-14"",""ratio"":3.89908},{""period"":""2025-04-21"",""ratio"":12.5},{""period"":""2025-04-28"",""ratio"":82.33944},{""period"":""2025-05-05"",""ratio"":100},{""period"":""2025-05-12"",""ratio"":81.70871},{""period"":""2025-05-19"",""ratio"":56.93807},{""period"":""2025-05-26"",""ratio"":38.36009}]}]}"
해피엔드,f,10,"{'startDate': '2025-03-31', 'endDate': '2025-05-30', 'timeUnit': 'week', 'keywordGroups': [{'groupName': '해피엔드', 'keywords': ['해피엔드', 'Happyend']}], 'gender': 'f', 'ages': ['10']}","{""startDate"":""2025-03-31"",""endDate"":""2025-06-01"",""timeUnit"":""week"",""results"":[{""title"":""해피엔드"",""keywords"":[""해피엔드"",""Happyend""],""data"":[{""period"":""2025-03-31"",""ratio"":0.8168},{""period"":""2025-04-07"",""ratio"":2.91715},{""period"":""2025-04-14"",""ratio"":5.71761},{""period"":""2025-04-21"",""ratio"":10.96849},{""period"":""2025-04-28"",""ratio"":90.66511},{""period"":""2025-05-05"",""ratio"":100},{""period"":""2025-05-12"",""ratio"":86.34772},{""period"":""2025-05-19"",""ratio"":62.66044},{""period"":""2025-05-26"",""ratio"":38.73978}]}]}"
해피엔드,f,11,"{'startDate': '2025-03-31', 'endDate': '2025-05-30', 'timeUnit': 'week', 'keywordGroups': [{'groupName': '해피엔드', 'keywords': ['해피엔드', 'Happyend']}], 'gender': 'f', 'ages': ['11']}","{""startDate"":""2025-03-31"",""endDate"":""2025-06-01"",""timeUnit"":""week"",""results"":[{""title"":""해피엔드"",""keywords"":[""해피엔드"",""Happyend""],""data"":[{""period"":""2025-03-31"",""ratio"":2.91545},{""period"":""2025-04-07"",""ratio"":3.93586},{""period"":""2025-04-14"",""ratio"":5.39358},{""period"":""2025-04-21"",""ratio"":13.70262},{""period"":""2025-04-28"",""ratio"":83.09037},{""period"":""2025-05-05"",""ratio"":100},{""period"":""2025-05-12"",""ratio"":81.04956},{""period"":""2025-05-19"",""ratio"":62.24489},{""period"":""2025-05-26"",""ratio"":35.86005}]}]}"
