movieCd,movieNm,movieNmEn,movieNmOg,showTm,prdtYear,openDt,prdtStatNm,typeNm,repNationNm,repGenreNm,watchGradeNm,genres,nations,directors,actors,productionCompanies,distributors
20208983,시라이,Shirai-san,シライサン,98.0,2019,20200715,개봉,장편,,,,공포(호러),일본,,이토요 마리에|소메타니 쇼타,,(주)디스테이션
20195791,"어쩌다, 결혼",Trade Your Love,,87.0,2018,20190227,개봉,장편,,,,멜로/로맨스|코미디,한국,박수진|박호찬,김동욱|고성희|김의성|황보라|임예진,(주)비에이엔터테인먼트,CGV아트하우스
20195943,브라더 오브 더 이어,Brother of the Year,,123.0,2018,20190307,개봉,장편,,,,코미디,태국,위타야 통유용,우랏야 세뽀반|써니 수완메타논트|닉쿤,,(주)영화사오원
20195081,디어 마이 프렌드,Then Came You,Departures,96.0,2018,20191009,개봉,장편,,,,드라마,미국,피터 허칭스,에이사 버터필드|메이지 윌리암스|니나 도브레브,,(주)팝엔터테인먼트
20200491,빅샤크3: 젤리몬스터 대소동,Happy Little Submarine: Space Pals,,76.0,2019,20200729,개봉,장편,,,,애니메이션,중국,신우,정의한|원에스더|김진홍|김경희|손선영,,(주)팝엔터테인먼트
20196244,샤잠!,SHAZAM!,,131.0,2019,20190403,개봉,장편,,,,액션,미국,데이비드 F. 샌드버그,제커리 리바이|애셔 앤젤|잭 딜런 그레이저|마크 스트롱,,워너브러더스 코리아(주)
20184341,얼굴없는 보스,The Faceless Boss,,114.0,2019,20191121,개봉,장편,,,,액션|드라마,한국,송경용|송창용,천정명|진이한|이하율|곽희성|김도훈,(주)좋은 하늘,(주)좋은 하늘|(주)박수엔터테인먼트
20191845,난폭한 기록,Fist & Furious,,90.0,2015,20190711,개봉,장편,,,,범죄|액션,한국,하원준,정두홍|류덕환|서은아|정의갑|김사권,유한회사 영화사 반딧불|서울액션스쿨,(주)케이티알파
20175407,우상,Idol,,143.0,2018,20190320,개봉,장편,,,,스릴러,한국,이수진,한석규|설경구|천우희|강진경|이윤희,리 공동체 영화사|(주)바른손,CGV아트하우스
20197503,서스페리아,Suspiria,,152.0,2018,20190516,개봉,장편,,,,공포(호러),이탈리아|미국,루카 구아다니노,다코타 존슨|틸다 스윈튼|미아 고스|클로이 모레츠,,(주)홈초이스
20169323,안도 타다오,Samurai Architect Tadao Ando,,73.0,2016,20190425,개봉,장편,,,,다큐멘터리,일본,미즈노 시게노리,,,(주)영화사 진진
20196025,덤보,Dumbo,,111.0,2018,20190327,개봉,장편,,,,가족|판타지,미국,팀 버튼,콜린 파렐|마이클 키튼|대니 드비토|에바 그린,,월트디즈니컴퍼니코리아 유한책임회사
20185353,기방도령,HOMME FATALE,,110.0,2019,20190710,개봉,장편,,,,코미디|사극,한국,남대중,이준호|정소민|최귀화|예지원|공명,주식회사 브레인샤워|(주)제이와이피픽쳐스,판씨네마(주)
20197278,라스트 크리스마스,Last Christmas,Last Christmas,102.0,2019,20191205,개봉,장편,,,,코미디|멜로/로맨스,미국,폴 페이그,에밀리아 클라크|엠마 톰슨|헨리 골딩,,유니버설픽쳐스인터내셔널 코리아(유)
20184543,변신,Metamorphosis,,112.0,2019,20190821,개봉,장편,,,,공포(호러)|스릴러,한국,김홍선,배성우|성동일|장영남|김혜준|조이현,(주)다나크리에이티브,(주)에이스메이커무비웍스
20199950,조커,Joker,,122.0,2019,20191002,개봉,장편,,,,액션|드라마|스릴러,미국,토드 필립스,호아킨 피닉스|재지 비츠|로버트 드 니로|프란시스 콘로이|브렛 컬렌,,워너브러더스 코리아(주)
20200554,더 프롬,The Prom,,131.0,2020,20201202,개봉,장편,,,,코미디|뮤지컬,미국,라이언 머피,메릴 스트립|제임스 코든|니콜 키드먼|앤드류 라넬스|아리아나 데보스,,메가박스중앙(주) 플러스엠 엔터테인먼트
20197803,겨울왕국 2,Frozen 2,,103.0,2019,20191121,개봉,장편,,,,애니메이션,미국,제니퍼 리|크리스 벅,크리스틴 벨|이디나 멘젤|조시 게드|조나단 그로프,,월트디즈니컴퍼니코리아 유한책임회사
20196702,야구소녀,Baseball Girl,,104.0,2019,20200618,개봉,장편,,,,드라마,한국,최윤태,이주영|이준혁|유채민|염혜란|송영규,한국영화아카데미,(주)싸이더스|찬란
20205708,스케어리 스토리:어둠의 속삭임,Scary Stories to Tell in the Dark,,108.0,2019,20200325,개봉,장편,,,,판타지|공포(호러),미국,안드레 외브레달,딘 노리스,,(주)제이앤씨미디어그룹
20183002,해치지않아,SECRET ZOO,,117.0,2019,20200115,개봉,장편,,,,코미디,한국,손재곤,안재홍|강소라|박영규|김성오|전여빈,(주)디씨지플러스|(주)어바웃잇,(주)에이스메이커무비웍스
20184482,국제수사,The Golden Holiday,,105.0,2020,20200929,개봉,장편,,,,코미디|액션,한국,김봉한,곽도원|김대명|김희원|김상호|이유진,(주)영화사장춘,(주)쇼박스
20206710,파티마의 기적,Fatima,,113.0,2020,20201203,개봉,장편,,,,드라마,미국,마르코 폰테코르보,하비 케이틀|스테파니 길|고란 비스닉|조아큄 드 알메이다|조아나리베이로,,(주)디스테이션
20197394,체크 히어로,Checkered Ninja,Ternet ninja,75.0,2018,20191023,개봉,장편,,,,애니메이션|액션|어드벤처,덴마크,앤더스 마테센|토르비욘 크리스토퍼센,이다은|남도형,,예지림엔터테인먼트
20199581,닥터 두리틀,Dolittle,,101.0,2019,20200108,개봉,장편,,,,판타지|어드벤처,미국,스티븐 개건,로버트 다우니 주니어|톰 홀랜드|라미 말렉|안토니오 반데라스|마리옹 꼬띠아르,,유니버설픽쳐스인터내셔널 코리아(유)
20202366,800,The Eight Hundred,Ba Bai,148.0,2020,20201210,개봉,장편,,,,전쟁|액션,중국,관후,강무,,TCO(주)더콘텐츠온|(주)디스테이션
20209882,블루 아워,Blue Hour,,91.0,2019,20200722,개봉,장편,,,,드라마,일본,하코타 유코,카호|심은경|유스케 산타마리아|와타나베 다이치|시마다 큐사쿠,,오드
20185444,레고 무비2,The Lego Movie 2: The Second Part,,106.0,2019,20190206,개봉,장편,,,,애니메이션|액션|어드벤처,미국|덴마크|캐나다|노르웨이|호주,마이크 미첼,크리스 프랫|엘리자베스 뱅크스|알리슨 브리|채닝 테이텀|스테파니 비트리즈,,워너브러더스 코리아(주)
20204501,레미제라블: 뮤지컬 콘서트,Les Misérables: The Staged Concert,,166.0,2019,20200513,개봉,장편,,,,뮤지컬,미국,제임스 파우웰,마이클 볼|알피 보,,유니버설픽쳐스인터내셔널 코리아(유)
20173901,존 윅: 특별판,John Wick,,107.0,2014,20170330,개봉,장편,,,,액션|드라마,미국,데이빗 레이치|채드 스타헬스키,키아누 리브스,,와이드 릴리즈(주)|(주)제이앤씨미디어그룹|(유)조이앤시네마
20060347,판의 미로 - 오필리아와 세 개의 열쇠,Pan's Labyrinth,El Laberinto Del Fauno,118.0,2006,20061130,개봉,장편,,,,드라마|판타지|전쟁,스페인|멕시코,길예르모 델 토로,이바나 바쿠에로|더그 존스|세르지 로페즈,,(주)디스테이션|(주)프라임엔터테인먼트
20198962,결혼 이야기,Marriage Story,,136.0,2019,20191127,개봉,장편,,,,멜로/로맨스|드라마|코미디,영국,노아 바움백,스칼렛 요한슨|아담 드라이버|로라 던,,판씨네마(주)
20208122,카페 벨에포크,La belle epoque,,115.0,2019,20200520,개봉,장편,,,,코미디|드라마,프랑스,니콜라스 베도스,다니엘 오떼유|기욤 까네|도리아 틸리에|화니 아르당,,(주)이수C&E
20203936,마이 리틀 포니: 레인보우 로드 트립,My Little Pony: Rainbow Road trip,,60.0,2019,20201029,개봉,장편,,,,애니메이션|어드벤처,미국,,박지윤|이영란|김율|여민정|조경이,,(주)박수엔터테인먼트
20188462,감쪽같은 그녀,A Little Princess,,104.0,2019,20191204,개봉,장편,,,,드라마,한국,허인무,나문희|김수안|고규필|임한빈|강보경,(주)지오필름,메가박스중앙(주) 플러스엠 엔터테인먼트
20191141,시민 노무현,Citizen Roh,,98.0,2019,20190523,개봉,장편,,,,다큐멘터리,한국,백재호,노무현|유시민|김경수|김영호|김정호,엠앤씨에프|(주)영화사진,(주)삼백상회
20201803,소년 아메드,Young Ahmed,,84.0,2019,20200730,개봉,장편,,,,드라마,프랑스,장 피에르 다르덴|뤽 다르덴,클레어 보드손|이디르 벤 아디|올리비에 보노|미리암 아케듀|클레어 보드손,,(주)영화사 진진
20191844,킹 오브 프리즘 –샤이니 세븐 스타즈- IV 루이x신x언노운,KING OF PRISM -Shiny Seven Stars- IV ルヰ×シン×Unknown,,69.0,2019,20190530,개봉,장편,,,,애니메이션,일본,히시다 마사카즈,,,동우에이앤이(주)
20175771,라이온 킹,The Lion King,,118.0,2018,20190717,개봉,장편,,,,어드벤처|드라마|가족,미국,존 파브로,도날드 글로버|비욘세 놀즈|제임스 얼 존스|치웨텔 에지오포|세스 로건,,월트디즈니컴퍼니코리아 유한책임회사
20198597,교회오빠,A Job Who Is near Us,,84.0,2019,20190516,개봉,장편,,,,다큐멘터리,한국,이호경,이관희|오은주|이소연|이소연|김양진,KBS|커넥트픽쳐스(주),커넥트픽쳐스(주)
20112692,드라이브,Drive,,100.0,2011,20111117,개봉,장편,,,,액션|멜로/로맨스,미국,니콜라스 윈딩 레픈,라이언 고슬링|캐리 멀리건,,주식회사 풍경소리|판씨네마(주)
19940116,쉰들러 리스트,Schindler's List,,196.0,1993,19940305,개봉,장편,,,,드라마|사극|전쟁,미국,스티븐 스필버그,벤 킹슬리|리암 니슨|랄프 파인즈,유니버셜 픽쳐스,유니버설픽쳐스인터내셔널 코리아(유)
20184047,토이 스토리 4,Toy Story 4,,99.0,2018,20190620,개봉,장편,,,,애니메이션|어드벤처|코미디,미국,조시 쿨리,톰 행크스|팀 알렌|애니 팟츠|토니 헤일|키아누 리브스,,월트디즈니컴퍼니코리아 유한책임회사
20189077,비뚤어진 집,Crooked House,,115.0,2017,20190919,개봉,장편,,,,범죄|드라마|미스터리,영국,질스 파겟-브레너,글렌 클로즈|테렌스 스탬프|맥스 아이언스|질리언 앤더슨|크리스티나 헨드릭스,,(주)팝엔터테인먼트
20196272,미드웨이,Midway,,138.0,2019,20191231,개봉,장편,,,,액션|드라마,미국,롤랜드 에머리히,에드 스크레인|패트릭 윌슨|우디 해럴슨|루크 에반스|아사노 타다노부,,(주)누리픽쳐스
20113252,톰보이,Tomboy,,81.0,2011,20200514,개봉,장편,,,,드라마,프랑스,셀린 시아마,조 허란,,(주)블루라벨픽쳐스|TCO(주)더콘텐츠온|(주)영화특별시에스엠씨
20181162,돌멩이,Stone Skipping,,106.0,2018,20201015,개봉,장편,,,,드라마,한국,김정식,김대명|송윤아|김의성|전채은|이중옥,(주)영화사테이크,(주)리틀빅픽쳐스
20184891,수퍼 소닉,Sonic the Hedgehog,,98.0,2019,20200212,개봉,장편,,,,애니메이션|액션|어드벤처,미국,제프 파울러,제임스 마스던|짐 캐리|벤 슈왈츠|티카 섬터,파라마운트 픽쳐스,롯데컬처웍스(주)롯데엔터테인먼트
20195968,더 룸,The Room,,99.0,2019,20190925,개봉,장편,,,,미스터리|스릴러,프랑스|룩셈부르크|벨기에,크리스티앙 볼크만,올가 쿠릴렌코,,(주)퍼스트런|(주)팬엔터테인먼트
20206062,극장판 포켓몬스터 뮤츠의 역습 EVOLUTION,Pokémon: Mewtwo Strikes Back - Evolution,ミュウツーの逆襲 EVOLUTION,96.0,2019,20200930,개봉,장편,,,,애니메이션,일본,유야마 쿠니히코|사카키바라 모토노리,이선호|홍시호,,(주)이수C&E
20183915,극장판 공룡메카드: 타이니소어의 섬,,,70.0,2018,20190110,개봉,장편,,,,애니메이션,한국,유재운|최신규,김서영|엄상현|안현서|김장|홍범기,(주)초이락컨텐츠팩토리,(주)넥스트엔터테인먼트월드(NEW)
20135428,어바웃 타임,ABOUT TIME,,123.0,2013,20131205,개봉,장편,,,,멜로/로맨스|코미디,영국,리차드 커티스,레이첼 맥아담스|도널 글리슨|빌 나이,,유니버설픽쳐스인터내셔널 코리아(유)
20190741,김복동,My Name Is KIM Bok-dong,,101.0,2019,20190808,개봉,장편,,,,다큐멘터리,한국,송원근,한지민,한국탐사저널리즘센터,(주)엣나인필름
20209304,다만 악에서 구하소서 파이널컷,DELIVER US FROM EVIL FINALCUT,,114.0,2020,20201028,개봉,장편,,,,액션,한국,홍원찬,황정민|이정재|박정민,(주)하이브미디어코프,(주)씨제이이엔엠
20191401,업사이드,The Upside,,125.0,2017,20190613,개봉,장편,,,,코미디|드라마,미국,닐 버거,브라이언 크랜스톤|케빈 하트|니콜 키드먼,,(주)디스테이션
20199951,애나벨 집으로,Annabelle Comes Home,,105.0,2019,20190626,개봉,장편,,,,공포(호러)|미스터리|스릴러,미국,게리 도버먼,패트릭 윌슨|베라 파미가|맥케나 그레이스|매디슨 아이스먼,,워너브러더스 코리아(주)
20177478,어벤져스: 인피니티 워,Avengers: Infinity War,,149.0,2018,20180425,개봉,장편,,,,액션|어드벤처|판타지|SF,미국,조 루소|안소니 루소,로버트 다우니 주니어|조슈 브롤린|마크 러팔로|톰 히들스턴|크리스 에반스,,월트디즈니컴퍼니코리아 유한책임회사
20180290,아쿠아맨,AQUAMAN,,143.0,2018,20181219,개봉,장편,,,,액션,미국|호주,제임스 완,제이슨 모모아|앰버 허드|니콜 키드먼|패트릭 윌슨|윌렘 데포,,워너브러더스 코리아(주)
20209466,죽이는 여자,Gothic Harvest,,82.0,2019,20200823,개봉,장편,,,,공포(호러),미국,애슐리 해밀턴,린 샤예,,(주)영화사 안다미로
20198146,콜레트,COLETTE,,112.0,2018,20190327,개봉,장편,,,,드라마,영국|미국|헝가리,워시 웨스트모어랜드,키이라 나이틀리|도미닉 웨스트|엘리너 톰린슨,,(주)넥스트엔터테인먼트월드(NEW)|(주)팬엔터테인먼트
20196585,슈퍼미니 2,Minuscule: Mandibles From Far Away,,92.0,2018,20190227,개봉,장편,,,,애니메이션|어드벤처|드라마,프랑스,토마스 자보|헬레네 지라드,,,(주)박수엔터테인먼트
20184462,봉오동 전투,The Battle: Roar to Victory,,134.0,2019,20190807,개봉,장편,,,,사극|액션|드라마,한국,원신연,유해진|류준열|조우진|키타무라 카즈키|이케우치 히로유키,(주)빅스톤픽쳐스|(주)더블유픽처스|(주)쇼박스,(주)쇼박스
20200471,스웨그,SWAG,,87.0,2020,20201210,개봉,장편,,,,드라마,한국,임성관,니엘|최규진|이보림|김선아|정애연,(주)퍼플스트로우필름,(주)영화사오원
20149120,인터스텔라,Interstellar,,169.0,2014,20141106,개봉,장편,,,,SF,미국|영국,크리스토퍼 놀란,매튜 매커너히|앤 해서웨이|마이클 케인|제시카 차스테인|케이시 애플렉,,워너브러더스 코리아(주)
20209002,지구 침공: 컨테이젼,Invasion Planet Earth,,96.0,2020,20200608,개봉,장편,,,,SF,영국|프랑스,,루시 드라이브,,(주)영화사 안다미로
20200200,추억의 검정고무신,The Precious memory of Gogo Brothers,,80.0,2020,20201119,개봉,장편,,,,애니메이션,한국,송정율,박지윤|오인실|유해무|손정아|박영재,(주)대교 미디어콘텐츠사업본부,(주)대교 미디어콘텐츠사업본부
20190280,날씨의 아이,Weathering With You,,112.0,2019,20191030,개봉,장편,,,,애니메이션|판타지|멜로/로맨스,일본,신카이 마코토,다이고 코타로|모리 나나|오구리 슌|심규혁|최한,,메가박스중앙(주) 플러스엠 엔터테인먼트|(주)미디어캐슬|워터홀컴퍼니(주)
20197092,로망,Romang,,111.0,2019,20190403,개봉,장편,,,,멜로/로맨스,한국,이창근,이순재|정영숙|조한철|배해선|이예원,(주)제이지픽쳐스|(주)메이스엔터테인먼트,(주)메리크리스마스
20204644,밤쉘: 세상을 바꾼 폭탄선언,Bombshell,,108.0,2019,20200708,개봉,장편,,,,드라마,미국|캐나다,제이 로치,샤를리즈 테론|니콜 키드먼|마고 로비,,(주)홈초이스
20183479,극장판 짱구는 못말려: 아뵤! 쿵후 보이즈 ~라면 대란~,Crayon Shin-chan: Burst Serving! Kung Fu Boys - Ramen Rebellion,,103.0,2018,20181219,개봉,장편,,,,애니메이션,일본,타카하시 와타루,박영남|강희선|김환진|여민정|정유미,,(주)씨제이이엔엠
20183085,질투의 역사,A History of Jealousy,,94.0,2017,20190314,개봉,장편,,,,멜로/로맨스|드라마,한국,정인봉,남규리|오지호|장소연|김승현|강경숙,(주)유앤정필름 ,와이드 릴리즈(주)|(주)스톰픽쳐스코리아
20191048,온워드: 단 하루의 기적,Onward,,102.0,2020,20200617,개봉,장편,,,,애니메이션|어드벤처|판타지,미국,댄 스캔론,톰 홀랜드|크리스 프랫|줄리아 루이스 드레퓌스|옥타비아 스펜서,,월트디즈니컴퍼니코리아 유한책임회사
20192721,캣츠,Cats,,,2019,20191224,개봉,장편,,,,뮤지컬|드라마,미국|영국,톰 후퍼,제니퍼 허드슨|테일러 스위프트|이드리스 엘바|프란체스카 헤이워드|주디 덴치,,유니버설픽쳐스인터내셔널 코리아(유)
20201051,작은 소망,The Last Wish,小小的愿望,107.0,2019,20200813,개봉,장편,,,,코미디,대만|중국,전우성,왕대륙|팽욱창,,(주)콘텐츠판다
20205525,장마,The Rainy Season,,57.0,2019,20200227,개봉,장편,,,,다큐멘터리,한국,음정현|이용남,이은택,영화사 무명,영화사 무명
20184572,타짜: 원 아이드 잭,Tazza: One Eyed Jack,,139.0,2019,20190911,개봉,장편,,,,범죄|드라마,한국,권오광,박정민|류승범|최유화|우현|윤제문,(주)싸이더스|(주)엠씨엠씨|(주)비에이엔터테인먼트,롯데컬처웍스(주)롯데엔터테인먼트
20175547,스윙키즈,Swing Kids,,133.0,2018,20181219,개봉,장편,,,,드라마,한국,강형철,도경수|박혜수|자레드 그라임스|오정세|김민호,(주)안나푸르나필름,(주)넥스트엔터테인먼트월드(NEW)
20196675,젊은이의 양지,Light for the Youth,,113.0,2019,20201028,개봉,장편,,,,드라마,한국,신수원,김호정|윤찬영|정하담|최준영|한재이,(주)준필름,(주)리틀빅픽쳐스
20177539,사바하,SVAHA : THE SIXTH FINGER,,122.0,2018,20190220,개봉,장편,,,,미스터리|스릴러,한국,장재현,이정재|박정민|이재인|유지태|정진영,(주)외유내강|(주)필름케이,(주)씨제이이엔엠
20195790,콜드 워,COLD WAR,Zimna wojna,88.0,2018,20190207,개봉,장편,,,,멜로/로맨스,폴란드,파벨 파블리코브스키,요안나 쿨릭|토마즈 코트,,아이 엠
20206826,"그대, 고맙소 : 김호중 생애 첫 팬미팅 무비",,,80.0,2020,20200929,개봉,장편,,,,공연,한국,,김호중,씨제이포디플렉스 주식회사,씨제이포디플렉스 주식회사
20200583,요가학원 : 죽음의 쿤달리니,The Cursed Lesson,,93.0,2019,20201118,개봉,장편,,,,공포(호러),한국,김지한|전재홍,이채영|최철호|조정민|간미연|한세민,(주)트리니티엔터테인먼트|오퍼스픽쳐스(유),(주)스마일이엔티
20196284,윤희에게,Moonlit Winter,滿月,104.0,2019,20191114,개봉,장편,,,,멜로/로맨스,한국,임대형,김희애|나카무라 유코|김소혜|성유빈|김학선,영화사 달리기,(주)리틀빅픽쳐스
20198942,아이리시맨,The Irishman,,208.0,2019,20191120,개봉,장편,,,,범죄|드라마|스릴러,미국,마틴 스코세이지,로버트 드 니로|알 파치노|조 페시|하비 케이틀,,판씨네마(주)
20180868,뺑반,Hit-and-Run Squad,,133.0,2018,20190130,개봉,장편,,,,범죄|액션,한국,한준희,공효진|류준열|조정석|유연수|염정아,오리진필름(주)|(주)쇼박스,(주)쇼박스
20208393,극장판 요괴워치: 포에버 프렌즈,,映画 妖怪ウォッチ FOREVER FRIENDS,99.0,2019,20201015,개봉,장편,,,,애니메이션,일본,타카하시 시게하루,신용우|정혜원|박리나|김현지,,(주)씨제이이엔엠
20203701,사랑이 눈뜰 때,Blind,,105.0,2017,20200826,개봉,장편,,,,드라마|멜로/로맨스,미국,마이클 메일러,알렉 볼드윈|데미 무어,,(주)이놀미디어
20195789,빠삐용,Papillon,,133.0,2017,20190227,개봉,장편,,,,범죄|드라마,미국,마이클 노어,찰리 허냄|라미 말렉,,(주)드림팩트엔터테인먼트
20198961,더 킹: 헨리 5세,The King,,140.0,2019,20191023,개봉,장편,,,,드라마,네덜란드,데이비드 미쇼,티모시 샬라메|조엘 에저튼|숀 해리스|릴리 로즈 멜로디 뎁,,판씨네마(주)
20206588,극장판 미니특공대: 햄버거괴물의 습격,,,86.0,2020,20200930,개봉,장편,,,,애니메이션|액션,한국,이영준,엄상현|양정화|이소영|전태열|신용우,(주)에스에이엠지엔터테인먼트,(주)리틀빅픽쳐스
20010013,봄날은 간다,One Fine Spring Day,,113.0,2001,20010928,개봉,장편,,,,드라마,한국,허진호,유지태|이영애|박인환|신신애|김태진,(주)싸이더스|싸이더스 우노 필름,(주)시네마서비스
20201221,컨택트 2020,Proximity,,119.0,2020,20200715,개봉,장편,,,,SF|미스터리,미국,,,,위드 라이언 픽쳐스
20193807,예스터데이,YESTERDAY,,116.0,2019,20190918,개봉,장편,,,,드라마,미국|영국,대니 보일,히메쉬 파텔|릴리 제임스|케이트 맥키넌|에드 시런|제임스 코든,,유니버설픽쳐스인터내셔널 코리아(유)
20180939,남산의 부장들,The Man Standing Next,,113.0,2019,20200122,개봉,장편,,,,드라마,한국,우민호,이병헌|이성민|곽도원|이희준|김소진,(주)하이브미디어코프,(주)쇼박스
20185161,나를 찾아줘,Bring Me Home,,107.0,2019,20191127,개봉,장편,,,,스릴러,한국,김승우,이영애|유재명|이원근|박해준|백주희,(주)26컴퍼니|(주)케이웍스스튜디오,워너브러더스 코리아(주)
20188941,악인전,"The Gangster, The Cop, The Devil",,109.0,2019,20190515,개봉,장편,,,,범죄|액션,한국,이원태,마동석|김무열|김성규|강문봉|문동혁,(주)비에이엔터테인먼트,(주)에이스메이커무비웍스|(주)키위미디어그룹
20195005,경계선,Border,Gräns,110.0,2018,20191024,개봉,장편,,,,판타지|멜로/로맨스,스웨덴|덴마크,알리 아바시,에바 멜란데르|에로 밀로노프,,(주)제이앤씨미디어그룹
20196820,양지의 그녀,Girl In The Sunny Place,陽だまりの彼女,128.0,2013,20190321,개봉,장편,,,,멜로/로맨스|드라마,일본,미키 타카히로,마츠모토 준|우에노 주리|키타무라 타쿠미|스다 마사키,,(주)영화사오원
20184865,고질라: 킹 오브 몬스터,Godzilla: King of the Monsters,,131.0,2019,20190529,개봉,장편,,,,액션|어드벤처|SF,미국,마이클 도허티,밀리 바비 브라운|베라 파미가|카일 챈들러|샐리 호킨스|와타나베 켄,,워너브러더스 코리아(주)
20198374,신비아파트 극장판 하늘도깨비 대 요르문간드,The Haunted House: The Sky Ghost VS Jormungandr,,96.0,2019,20191219,개봉,장편,,,,애니메이션,한국,변영규,김영은|김채하|신용우|양정화|김현지,(주)씨제이이엔엠,(주)씨제이이엔엠
20209021,런 보이 런,RUN BOY RUN,,90.0,2020,20200528,개봉,장편,,,,드라마,한국,오원재,장동윤|서벽준|신표|한이진|장명운,(주)라온컴퍼니플러스|(주)오아시스이엔티,(주)라온컴퍼니플러스
20195962,증발,Evaporated,,115.0,2019,20201112,개봉,장편,,,,다큐멘터리,한국,김성민,최준원|최용진|최준선|이형근|강성우,미들,㈜인디스토리
20181877,캡틴 마블,Captain Marvel,,123.0,2018,20190306,개봉,장편,,,,액션|어드벤처|SF,미국,애너 보든|라이언 플렉,브리 라슨|사무엘 L. 잭슨|벤 멘델슨|주드 로,,월트디즈니컴퍼니코리아 유한책임회사
20206447,라라걸,Ride Like a Girl,,98.0,2019,20200415,개봉,장편,,,,드라마,호주,레이첼 그리피스,테레사 팔머|샘 닐|설리반 스탭플턴,,판씨네마(주)
20192101,히트맨,HITMAN: AGENT JUN,,109.0,2019,20200122,개봉,장편,,,,코미디|액션,한국,최원섭,권상우|정준호|황우슬혜|이이경|이지원,베리굿스튜디오(주),롯데컬처웍스(주)롯데엔터테인먼트
20205663,엘라 벨라 빙고: 친구 찾기 대작전,Ella Bella Bingo,,77.0,2020,20200812,개봉,장편,,,,애니메이션,노르웨이,아틀 솔버그 블락세트|프랭크 모스볼드,잭 피셔,,(주)박수엔터테인먼트
20124721,어벤져스,The Avengers,,142.0,2012,20120426,개봉,장편,,,,액션|SF,미국,조스 웨던,로버트 다우니 주니어|스칼렛 요한슨|크리스 헴스워스|크리스 에반스|제레미 레너,,월트디즈니컴퍼니코리아 유한책임회사|한국소니픽쳐스릴리징브에나비스타영화㈜
20181685,호텔 레이크,,,100.0,2020,20200429,개봉,장편,,,,공포(호러),한국,윤은경,이세영|박효주|이세영|박지영|김보윤,(주)이에스픽쳐스|㈜인디스토리,(주)스마일이엔티
20196271,강철비2: 정상회담,Steel Rain2: Summit,,131.0,2019,20200729,개봉,장편,,,,드라마|액션,한국,양우석,정우성|유연석|곽도원|앵거스 맥페이든|신정근,(주)스튜디오게니우스우정,롯데컬처웍스(주)롯데엔터테인먼트
20198182,아내를 죽였다,Killed My Wife,,97.0,2019,20191211,개봉,장편,,,,스릴러|액션,한국,김하라,이시언|안내상|왕지혜|서지영|문다은,단테미디어랩,(주)케이티알파
20197141,와일드 로즈,Wild Rose,,100.0,2018,20191017,개봉,장편,,,,드라마,영국,톰 하퍼,제시 버클리|줄리 월터스|소피 오코네도,,판씨네마(주)
20197721,엔젤 해즈 폴른,Angel Has Fallen,,120.0,2019,20191113,개봉,장편,,,,액션|스릴러,미국,릭 로먼 워,제라드 버틀러|모건 프리먼|대니 휴스턴|프레드릭 슈미트|로시 윌리엄스,,메가박스중앙(주) 플러스엠 엔터테인먼트
20198291,로켓맨,Rocketman,,121.0,2019,20190605,개봉,장편,,,,드라마|판타지,영국|미국,덱스터 플레처,태런 에저튼|리처드 매든|브라이스 달라스 하워드|제이미 벨,,롯데컬처웍스(주)롯데엔터테인먼트
20196404,신밧드와 마법 양탄자,Up and away,,81.0,2018,20190213,개봉,장편,,,,애니메이션|어드벤처,덴마크,카스텐 킬러리치,,,(주)박수엔터테인먼트
20200246,부활: 그 증거,Stigma,,96.0,2020,20201008,개봉,장편,,,,다큐멘터리,한국,김상철,권오중|이성혜|이용규|이어령|천정은,파이오니아21,(주)영화사 진진
20205529,그링고,Gringo,,110.0,2018,20200305,개봉,장편,,,,액션|코미디|드라마,미국,내쉬 에드게톤,데이빗 오예로워|샤를리즈 테론|조엘 에저튼|아만다 사이프리드|탠디 뉴튼,,(주)영화사 진진
20205841,더 터닝,The Turning,,94.0,2020,20200402,개봉,장편,,,,미스터리|공포(호러),미국,플로리아 시지스몬디,맥켄지 데이비스|핀 울프하드,,(주)스마일이엔티
20208016,레벨 16,LEVEL 16,,102.0,2018,20201210,개봉,장편,,,,스릴러|공포(호러),캐나다,,사라 캐닝,,(주)디오시네마
20195203,레플리카,Replicas,,107.0,2018,20190925,개봉,장편,,,,범죄|미스터리|SF|스릴러,미국,제프리 나흐마노프,키아누 리브스|앨리스 이브|토머스 미들디치,,(주)제이앤씨미디어그룹
20209961,지저귀는 새는 날지 않는다,The Clouds gather,,85.0,2020,20200716,개봉,장편,,,,애니메이션,일본,마키타 카오리,신가키 타루스케|하타노 와타루,,(주)팝엔터테인먼트
20200475,로그,Rogue,,105.0,2020,20201125,개봉,장편,,,,액션,미국,M.J. 버세트,메간 폭스|필립 윈체스터,,(주)스톰픽쳐스코리아|와이드 릴리즈(주)
20188750,나쁜 녀석들: 더 무비,The Bad Guys: Reign of Chaos,,114.0,2019,20190911,개봉,장편,,,,범죄|액션,한국,손용호,마동석|김상중|김아중|장기용|박형수,(주)씨제이이엔엠|(주)영화사비단길,(주)씨제이이엔엠
20173226,패왕별희 디 오리지널,Farewell My Concubine,,171.0,1993,20170330,개봉,장편,,,,드라마|멜로/로맨스,중국,첸 카이거,장국영|공리|장풍의,,와이드 릴리즈(주)|(주)제이앤씨미디어그룹|(주)드림팩트엔터테인먼트
20193275,브링 더 소울 : 더 무비,BRING THE SOUL : THE MOVIE,,101.0,2020,20190807,개봉,장편,,,,기타,한국,박준수,김남준|김석진|민윤기|정호석|박지민,빅히트 엔터테인먼트|(주)캠프엔터테인먼트,씨지브이 아이스콘|월트디즈니컴퍼니코리아 유한책임회사
20188393,"다시, 봄","Spring, Again",,104.0,2018,20190417,개봉,장편,,,,드라마|판타지,한국,정용주,이청아|홍종현|박지빈|김주령|박경혜,(주)26컴퍼니|(주)케이웍스스튜디오,(주)스마일이엔티
20180937,더 페이버릿: 여왕의 여자,THE FAVOURITE,,119.0,2018,20190221,개봉,장편,,,,드라마,미국,요르고스 란티모스,올리비아 콜맨|엠마 스톤|레이첼 와이즈|니콜라스 홀트|마크 게티스,,이십세기폭스코리아(주)|월트디즈니컴퍼니코리아 유한책임회사
20201968,반교: 디텐션,Detention,返校 Detention,102.0,2019,20200813,개봉,장편,,,,공포(호러),기타,존 쉬,왕정|증경화|부맹백,,(주)팝엔터테인먼트
20193743,오션스: 문어구출대작전,Happy Little Submarines 4: Adventure of Octopus,,66.0,2014,20191003,개봉,장편,,,,애니메이션,중국,헤 질리,남도형|김소희|강은애|김경희|민아,,와이드 릴리즈(주)
20193859,사라진 시간,ME AND ME,,104.0,2019,20200618,개봉,장편,,,,미스터리|드라마,한국,정진영,조진웅|배수빈|정해균|차수연|장원영,(주)비에이엔터테인먼트|(주)다니필름,(주)에이스메이커무비웍스
20204162,나이트 헌터,Nomis,,98.0,2018,20200129,개봉,장편,,,,액션|범죄|스릴러|드라마,캐나다,,헨리 카빌|알렉산드라 다드다리오|벤 킹슬리|스탠리 투치,,와이드 릴리즈(주)
20196857,"조금씩, 천천히 안녕",The Long Good-Bye,,127.0,2019,20200527,개봉,장편,,,,가족|드라마,일본,나카노 료타,아오이 유우|다케우치 유코|마츠바라 치에코|야마자키 츠토무,,(주)디스테이션
20196657,맨 인 블랙: 인터내셔널,Men in Black: International,,115.0,2019,20190612,개봉,장편,,,,액션|코미디|SF,미국,F. 게리 그레이,크리스 헴스워스|테사 톰슨|리암 니슨|엠마 톰슨,,롯데컬처웍스(주)롯데엔터테인먼트
20200162,소년시절의 너,Better Days,少年的你,135.0,2019,20200709,개봉,장편,,,,멜로/로맨스|드라마|범죄|가족,중국,증국상,주동우,,(주)바이포엠스튜디오|(주)영화특별시에스엠씨|(주)콘텐츠패밀리
20206441,마이 스파이,My Spy,,100.0,2020,20200429,개봉,장편,,,,액션|코미디,미국,피터 시걸,데이브 바티스타|클로이 콜먼|켄 정|크리스틴 스칼,,(주)이수C&E
20128274,레미제라블,Les Miserables,,158.0,2012,20121219,개봉,장편,,,,드라마,미국,톰 후퍼,휴 잭맨|러셀 크로우|앤 해서웨이|아만다 사이프리드|헬레나 본햄 카터,,유니버설픽쳐스인터내셔널 코리아(유)
20183238,스파이더맨: 뉴 유니버스,Spider-Man: Into the Spider-Verse,,116.0,2018,20181212,개봉,장편,,,,애니메이션|액션|가족,미국,로드니 로스맨|밥 퍼시케티|피터 램지,샤메익 무어|헤일리 스테인펠드|니콜라스 케이지|제이크 존슨|리브 슈라이버,,소니픽쳐스엔터테인먼트코리아주식회사극장배급지점
20182044,구스 베이비,Duck Duck Goose,,89.0,2018,20190116,개봉,장편,,,,애니메이션|어드벤처|코미디,미국,크리스토퍼 젠킨스,전현무|유아|박성광|짐 개피건|젠데이아 콜먼,,(주)이수C&E
20176442,자전차왕 엄복동,Race to Freedom : Um Bok Dong,,116.0,2018,20190227,개봉,장편,,,,드라마,한국,김유성,정지훈|강소라|이범수|강문봉|이장원,(주)셀트리온엔터테인먼트,(주)셀트리온엔터테인먼트
20184842,아이 캔 온리 이매진,I Can Only Imagine,,110.0,2018,20180621,개봉,장편,,,,드라마|가족,미국,앤드류 어윈|존 어윈,J. 마이클 핀리|데니스 퀘이드|매들린 캐롤|트레이스 에드킨스|클로리스 리치먼,,(주)영화사 그램|TCO(주)더콘텐츠온|(재)CBS
20203237,아무도 없다,ALONE,,97.0,2020,20200909,개봉,장편,,,,스릴러,미국,존 하이암스,줄스 윌콕스|마크 멘차카|안소니 힐드,,판씨네마(주)
20176103,돈,Money,,115.0,2018,20190320,개봉,장편,,,,범죄,한국,박누리,류준열|유지태|조우진|손종학|신재민,(주)사나이픽처스|(주)영화사 월광,(주)쇼박스
20198676,타오르는 여인의 초상,Portrait of a Lady on Fire,,121.0,2019,20200116,개봉,장편,,,,드라마,프랑스,셀린 시아마,아델 에넬|노에미 멜랑,,그린나래미디어(주)|(주)홈초이스
20196161,타발루가와 얼음공주,TABALUGA,,87.0,2018,20200108,개봉,장편,,,,애니메이션|어드벤처|코미디,독일,스벤 운터발트 주니어,김혜성|강은애|임채헌|서반석|박성영,,예지림엔터테인먼트
20194442,플레이모빌: 더 무비,PLAYMOBIL: THE MOVIE,,98.0,2019,20190911,개봉,장편,,,,애니메이션|어드벤처|코미디,캐나다,리노 디살보,다니엘 래드클리프|안야 테일러 조이,,(주)올스타엔터테인먼트
20200845,비바리움,Vivarium,,97.0,2019,20200716,개봉,장편,,,,미스터리|SF|공포(호러),미국|덴마크|벨기에|아일랜드,,제시 아이젠버그|이모겐 푸츠,,(주)드림팩트엔터테인먼트
20196671,쿵푸 보이,Chhota Bheem Kung Fu Dhamaka,,94.0,2019,20191009,개봉,장편,,,,애니메이션,인도,라지브 칠라카|비나약 다스,,,(주)팝엔터테인먼트
20112561,원 데이,One Day,,107.0,2011,20121213,개봉,장편,,,,드라마|멜로/로맨스,미국,론 쉐르픽,앤 해서웨이|짐 스터게스,,(주)영화사 그램|(주)제이앤씨미디어그룹|(주)팝파트너스
20196201,소리꾼,The Singer,,118.0,2020,20200701,개봉,장편,,,,사극|드라마,한국,조정래,이봉근|이유리|김하연|박철민|김동완,주식회사 제이오엔터테인먼트코리아,(주)리틀빅픽쳐스
20148493,어벤져스: 에이지 오브 울트론,The Avengers: Age of Ultron,,141.0,2014,20150423,개봉,장편,,,,액션|어드벤처|판타지|SF,미국,조스 웨던,로버트 다우니 주니어|크리스 헴스워스|마크 러팔로|크리스 에반스|스칼렛 요한슨,,월트디즈니컴퍼니코리아 유한책임회사|월트디즈니컴퍼니코리아(주)
20198431,버즈 오브 프레이(할리 퀸의 황홀한 해방),BIRDS OF PREY (AND THE FANTABULOUS EMANCIPATION OF ONE HARLEY QUINN),,108.0,2020,20200205,개봉,장편,,,,액션|어드벤처|범죄,미국,캐시 얀,마고 로비|메리 엘리자베스 윈스티드|저니 스몰렛|로지 페레즈|이완 맥그리거,,워너브러더스 코리아(주)
20204791,다크 워터스,Dark Waters,,127.0,2019,20200311,개봉,장편,,,,드라마,미국,토드 헤인즈,마크 러팔로|앤 해서웨이|팀 로빈스|빌 캠프|빅터 가버,,(주)이수C&E
20184943,빌리어네어 보이즈클럽,Billionaire Boys Club,,106.0,2016,20190110,개봉,장편,,,,드라마|범죄,미국,제임스 콕스,안셀 엘고트|태런 에저튼|엠마 로버츠|제레미 어바인,,(주)키다리이엔티|플레이리스트(주)
20182490,나랏말싸미,The King's Letters,,109.0,2019,20190724,개봉,장편,,,,사극,한국,조철현,송강호|박해일|전미선|강수호|유용재,(주)영화사두둥,메가박스중앙(주) 플러스엠 엔터테인먼트
20190461,프랑스여자,A French Woman,,88.0,2019,20200604,개봉,장편,,,,드라마,한국,김희정,김호정|김지영|김영민|류아벨|김예은,(주)인벤트스톤,(주)디스테이션|롯데컬처웍스(주)롯데엔터테인먼트
20206547,극장판 바이올렛 에버가든,Violet Evergarden: The Movie,劇場版　ヴァイオレット・エヴァーガーデン,139.0,2020,20201112,개봉,장편,,,,애니메이션|드라마|판타지,일본,이시다테 타이치,,,(주)라이크콘텐츠
20206258,송 오브 러브,Daffodils,,93.0,2019,20200910,개봉,장편,,,,드라마|뮤지컬,기타,,,,(주)누리픽쳐스
20200419,맹크,Mank,,131.0,2020,20201118,개봉,장편,,,,드라마,미국,데이빗 핀처,게리 올드만|아만다 사이프리드|릴리 콜린스|알리스 하워드|찰스 댄스,,메가박스중앙(주) 플러스엠 엔터테인먼트
20208741,루키스,The Rookies,素人特工,112.0,2019,20200520,개봉,장편,,,,액션,중국,원금린,밀라 요보비치|왕대륙|상드린 피나|데이비드 맥기니스,,주식회사 더쿱|(주)영화특별시에스엠씨
20197283,이스케이프 룸,The Escape Room,,99.0,2018,20190314,개봉,장편,,,,액션|공포(호러)|스릴러,미국,애덤 로비텔,테일러 러셀|로건 밀러|제이 엘리스|타일러 라빈|데보라 앤 월,,소니픽쳐스엔터테인먼트코리아주식회사극장배급지점
20166301,썬키스 패밀리,Sunkist Family,,105.0,2017,20190327,개봉,장편,,,,가족|멜로/로맨스|코미디,한국,김지혜,박희순|진경|황우슬혜|장성범|윤보라,(주)영화사두둥,메가박스중앙(주) 플러스엠 엔터테인먼트
20199428,크롤,CRAWL,,87.0,2019,20191127,개봉,장편,,,,액션|스릴러,미국,알렉산더 아야,카야 스코델라리오|배리 페퍼,,롯데컬처웍스(주)롯데엔터테인먼트
20198104,바이스,VICE,,132.0,2018,20190411,개봉,장편,,,,드라마,미국,아담 맥케이,크리스찬 베일|에이미 아담스|스티브 카렐|타일러 페리|샘 록웰,,(주)콘텐츠판다
20200083,해피 디 데이,Dog Days,,113.0,2018,20200701,개봉,장편,,,,코미디|드라마|멜로/로맨스,미국,켄 마리노,바네사 허진스|핀 울프하드|에바 롱고리아|니나 도브레브,,(주)영화사 빅
20191085,이 멋진 세계에 축복을! 붉은 전설,KonoSuba! Legend of Crimson,KonoSuba! Legend of Crimson,89.0,2019,20200206,개봉,장편,,,,애니메이션|액션|판타지|코미디,일본,카나사키 타카오미,후쿠시마 준,,(주)애니플러스
20196723,숲속왕국의 꿀벌 여왕,Tall Tales,,87.0,2017,20190314,개봉,장편,,,,애니메이션|어드벤처|코미디,프랑스,아르나드 부롱|안톤 크링스,최원형|장은숙|안종덕|전진아|장경희,,(주)팝엔터테인먼트
20183407,버티고,Vertigo,,114.0,2019,20191016,개봉,장편,,,,드라마|멜로/로맨스,한국,전계수,천우희|유태오|정재광|홍지석|박예영,영화사 도로시(주),(주)트리플픽쳐스
20196263,챔피언스,CAMPEONES,,118.0,2018,20190207,개봉,장편,,,,코미디|드라마,스페인,하비에르 페서,하비에르 구티에레즈,,(주)영화사 빅
20206402,오픈 더 도어,STRAY,,88.0,2019,20200408,개봉,장편,,,,공포(호러)|스릴러,러시아,올가 고로데츠카야,블라디미르 브도비첸코프,,(주)팝엔터테인먼트
20200883,미드나이트 스카이,The Midnight Sky,,117.0,2020,20201209,개봉,장편,,,,드라마|판타지|SF,미국,조지 클루니,조지 클루니|펠리시티 존스|데이빗 오예로워|카일 챈들러|데미안 비쉬어,,메가박스중앙(주) 플러스엠 엔터테인먼트
20000067,러브레터,Love Letter,ラブレタ?,117.0,1995,19991120,개봉,장편,,,,멜로/로맨스|드라마,일본,이와이 슌지,나까야마 미호|토요카와 에츠시|사카이 미키,후지텔레비젼네트웍,워터홀컴퍼니(주)|주식회사 왓챠|와이드 릴리즈(주)|(주)제이앤씨미디어그룹|(유)조이앤시네마|(주)팝엔터테인먼트
20201841,부활,,,110.0,2020,20200709,개봉,장편,,,,다큐멘터리,한국,구수환,,(주)중헌홀딩스,(주)중헌홀딩스
20203961,극장판 원피스 스탬피드,ONE PIECE STMAPEDE,,101.0,2019,20200213,개봉,장편,,,,애니메이션,일본,,,,(주)스마일이엔티
20040598,해리포터와 아즈카반의 죄수,Harry Potter And The Prisoner Of Azkaban,,136.0,2004,20040716,개봉,장편,,,,드라마,미국,알폰소 쿠아론,다니엘 래드클리프|엠마 왓슨|루퍼트 그린트,워너브러더스사㈜,워너브러더스 코리아(주)
20204741,비밀정보원: 인 더 프리즌,The Informer,,113.0,2019,20200415,개봉,장편,,,,범죄|스릴러,영국,안드레아 디 스테파노,로자먼드 파이크|조엘 킨나만|커먼|아나 디 아르마스|클라이브 오웬,,(주)제이앤씨미디어그룹
20184571,천문: 하늘에 묻는다,Forbidden Dream,,132.0,2019,20191226,개봉,장편,,,,사극,한국,허진호,최민식|한석규|신구|김홍파|허준호,(주)하이브미디어코프,롯데컬처웍스(주)롯데엔터테인먼트
20193069,#살아있다,#ALIVE,,97.0,2019,20200624,개봉,장편,,,,드라마,한국,조일형,유아인|박신혜|전배수|김학선|김현우,영화사 집|(주)퍼스펙티브픽쳐스,롯데컬처웍스(주)롯데엔터테인먼트
20206362,"어디갔어, 버나뎃","Where’d You Go, Bernadette",,109.0,2019,20201008,개봉,장편,,,,코미디|드라마,미국,리차드 링클레이터,케이트 블란쳇|빌리 크루덥,,(주)디스테이션|(주)엔케이컨텐츠
20209538,썸머 85,Summer of 85,Été 85,101.0,2020,20201224,개봉,장편,,,,멜로/로맨스|드라마,기타,프랑수아 오종,펠릭스 르페브르|벤자민 부아쟁,,찬란
20184082,걸캅스,Miss & Mrs. Cops,,107.0,2018,20190509,개봉,장편,,,,코미디|액션,한국,정다원,라미란|이성경|윤상현|강문봉|강성하,(주)필름모멘텀,(주)씨제이이엔엠
20192751,찬실이는 복도 많지,Lucky Chan-sil,,95.0,2019,20200305,개봉,장편,,,,드라마|멜로/로맨스|판타지,한국,김초희,강말금|윤여정|김영민|윤승아|배유람,(주)지이프로덕션|(주)사이드미러,찬란
20184274,사랑은 비가 갠 뒤처럼,After the Rain,恋は雨上がりのように,112.0,2018,20190207,개봉,장편,,,,드라마,일본,나가이 아키라,고마츠 나나|오오이즈미 요|세이노 나나,,(주)디스테이션
20030003,클래식,The Classic,,132.0,2003,20030130,개봉,장편,,,,드라마,한국,곽재용,손예진|조승우|조인성|이성훈|이기우,(주)에그필름,(주)시네마서비스
20209351,나이스 걸 라이크 유,A Nice Girl Like You,,94.0,2020,20201118,개봉,장편,,,,코미디|멜로/로맨스,미국,,루시 헤일|민디 콘,,(주)영화사 빅
20205190,사랑이 뭘까,Just Only Love,愛がなんだ,124.0,2018,20200409,개봉,장편,,,,멜로/로맨스|드라마,일본,이마이즈미 리키야,키시이 유키노|나리타 료|에구치 노리코,,(주)엣나인필름
20198701,"미안해요, 리키",SORRY WE MISSED YOU,,101.0,2019,20191219,개봉,장편,,,,드라마,프랑스,켄 로치,크리스 히친|데비 허니우드|데이브 터너,,(주)영화사 진진
20198414,시동,START-UP,,101.0,2019,20191218,개봉,장편,,,,드라마,한국,최정열,마동석|박정민|정해인|염정아|최성은,(주)외유내강,(주)넥스트엔터테인먼트월드(NEW)
20207341,레이니 데이 인 뉴욕,A Rainy Day in New York,,92.0,2019,20200506,개봉,장편,,,,코미디|멜로/로맨스,미국,우디 앨런,티모시 샬라메|엘 패닝|셀레나 고메즈|주드 로|디에고 루나,,그린나래미디어(주)|(주)버킷스튜디오
20180825,미성년,Another Child,,95.0,2018,20190411,개봉,장편,,,,드라마,한국,김윤석,염정아|김소진|김혜준|박세진|김윤석,(주)영화사레드피터|(주)스튜디오 산타클로스엔터테인먼트,(주)쇼박스
20190601,디바,Diva,,84.0,2020,20200923,개봉,장편,,,,스릴러|미스터리,한국,조슬예,신민아|이유영|이규형|주석태|오하늬,올픽처스 주식회사|팔팔애비뉴(주),메가박스중앙(주) 플러스엠 엔터테인먼트
20205163,마틴 에덴,Martin Eden,Martin Eden,128.0,2019,20201029,개봉,장편,,,,드라마|멜로/로맨스,이탈리아,피에트로 마르첼로,루카 마리넬리,,알토미디어(주)
20187981,배심원들,Juror 8,,113.0,2019,20190515,개봉,장편,,,,드라마,한국,홍승완,문소리|박형식|백수장|김미경|윤경호,반짝반짝영화사(주),CGV아트하우스
20192222,사일런스,The Silence,,90.0,2019,20190717,개봉,장편,,,,공포(호러)|스릴러,미국,존 R. 레오네티,스탠리 투치|미란다 오토,,(주)이수C&E
20193385,하이큐!! 땅 VS 하늘,Haikyu!! OVA4 and Haikyu!! OVA5,Haikyu!! 陸 VS 空 and Haikyu!! ボールの 道,45.0,2019,20200123,개봉,장편,,,,애니메이션,일본,미츠나카 스스무,구자형|김영선|양정화|최승훈|남도형,,(주)이놀미디어|(주)드림팩트엔터테인먼트|(주)삼백상회
20195483,에이브의 쿠킹 다이어리,Abe,,86.0,2018,20200624,개봉,장편,,,,드라마,브라질,,노아 슈나프|세우 조르지,,(주)영화사 진진
20209644,엔딩스 비기닝스,"ENDINGS, BEGINNINGS",,110.0,2019,20200624,개봉,장편,,,,드라마|멜로/로맨스,미국|한국,드레이크 도리머스,쉐일린 우들리|제이미 도넌|세바스찬 스탠,(주)씨제이이엔엠,(주)스마일이엔티|(주)씨제이이엔엠
20178522,콜 미 바이 유어 네임,Call Me by Your Name,,131.0,2017,20180322,개봉,장편,,,,드라마|멜로/로맨스,이탈리아|프랑스|브라질|미국,루카 구아다니노,티모시 샬라메|아미 해머|마이클 스털버그|아미라 캐사|에스더 가렐,,(주)디스테이션|소니픽쳐스엔터테인먼트코리아주식회사극장배급지점
20209161,언더워터,Underwater,,94.0,2019,20200527,개봉,장편,,,,스릴러,미국,윌리엄 유뱅크,크리스틴 스튜어트|뱅상 카셀,,월트디즈니컴퍼니코리아 유한책임회사
20180523,스타 이즈 본,A Star Is Born,,135.0,2018,20181009,개봉,장편,,,,드라마|멜로/로맨스,미국,브래들리 쿠퍼,브래들리 쿠퍼|레이디 가가|샘 엘리엇|그렉 그룬버그,,워너브러더스 코리아(주)
20196760,대통령의 7시간,President's 7 Hours,,78.0,2019,20191114,개봉,장편,,,,다큐멘터리,한국,이상호,,(주)씨네포트,(주)씨네포트|주식회사 마운틴픽쳐스
20192689,별의 정원,Astro Gardener,,74.0,2019,20190704,개봉,장편,,,,애니메이션|판타지,한국,원종식,김연우|신용우|전태열|배수빈|김새해,(주)아슈비아만화영화푸로덕션,예지림엔터테인먼트
20197356,라스트 미션,The Mule,,116.0,2018,20190314,개봉,장편,,,,드라마,미국,클린트 이스트우드,클린트 이스트우드|타이사 파미가|브래들리 쿠퍼|마이클 페나,,워너브러더스 코리아(주)
20194223,너를 만난 여름,My Best Summer,最好的我們,109.0,2019,20191016,개봉,장편,,,,드라마|멜로/로맨스,중국,장적사,,,오드|(주)홈초이스
20199302,테스와 보낸 여름,My Extraordinary Summer with Tess,Mijn bijzonder rare week met Tess,84.0,2019,20200910,개봉,장편,,,,드라마,네덜란드,스티븐 바우터루드,소니 코프스 판 우테렌|조세핀 아렌센|트에보 게리츠마|제니퍼 호프만,,(주)팝엔터테인먼트
20207531,퍼스트 러브,First Love,"初恋,Hatsukoi",107.0,2019,20201217,개봉,장편,,,,범죄|멜로/로맨스|액션,일본,미이케 다카시,소메타니 쇼타|오모리 나오,,와이드 릴리즈(주)
20196136,람보 : 라스트 워,Rambo: Last Blood,,100.0,2019,20191023,개봉,장편,,,,액션,미국,애드리언 그런버그,실베스터 스탤론|파즈 베가|세르지오 페리스-멘체타,,TCO(주)더콘텐츠온|(주)제이앤씨미디어그룹
20202684,언힌지드,Unhinged,,90.0,2020,20201007,개봉,장편,,,,스릴러|범죄,미국,데릭 보트,러셀 크로우|카렌 피스토리우스|가브리엘 베이트먼|지미 심슨,,(주)누리픽쳐스|(주)영화특별시에스엠씨
20196721,디에고,Diego Maradona,,129.0,2019,20191212,개봉,장편,,,,다큐멘터리,영국,아시프 카파디아,디에고 아만도 마라도나,,워터홀컴퍼니(주)
20199949,벤 이즈 백,Ben is Back,,103.0,2018,20190509,개봉,장편,,,,드라마,미국,피터 헤지스,줄리아 로버츠|루카스 헤지스|캐서린 뉴튼|코트니 B. 반스,,(주)팝엔터테인먼트
20190793,엘리펀트킹 덤보,The elephant king,,77.0,2018,20190613,개봉,장편,,,,애니메이션|어드벤처,기타,하디 모하메디안,,,(주)박수엔터테인먼트
20197617,정글북: 마법 원정대,Savva,,80.0,2015,20190321,개봉,장편,,,,애니메이션|어드벤처|판타지,러시아,막심 파디브,,,(주)박수엔터테인먼트
20205402,트롤: 월드 투어,Trolls World Tour,,90.0,2020,20200429,개봉,장편,,,,애니메이션|어드벤처|코미디,미국,월트 도른|데이빗 P.스미스,안나 켄드릭|저스틴 팀버레이크,,유니버설픽쳐스인터내셔널 코리아(유)
20183844,마이펫의 이중생활 2,The Secret Life of Pets 2,,85.0,2019,20190731,개봉,장편,,,,애니메이션|어드벤처|코미디,미국,크리스 리노드,패튼 오스왈트|케빈 하트|에릭 스톤스트릿|제니 슬레이트|티파니 해디쉬,,유니버설픽쳐스인터내셔널 코리아(유)
20184896,가버나움,Capharnaum,Capernaum,126.0,2018,20190124,개봉,장편,,,,드라마,기타,나딘 라바키,자인 알 라피아|요르다노스 시프로우|보루와티프 트레저 반콜|나딘 라바키,,그린나래미디어(주)|플레이리스트(주)
20198681,쥬만지: 넥스트 레벨,Jumanji : The Next Level,,122.0,2019,20191211,개봉,장편,,,,액션,미국,제이크 캐스단,드웨인 존슨|잭 블랙|케빈 하트|카렌 길런|아콰피나,,소니픽쳐스엔터테인먼트코리아주식회사극장배급지점
20185350,칠곡 가시나들,Granny Poetry Club,,99.0,2018,20190227,개봉,장편,,,,다큐멘터리,한국,김재환,박금분|곽두조|강금연|안윤선|박월선,주식회사 단유필름,(주)인디플러그|(주)더 피플
20202128,100% 울프: 푸들이 될 순 없어,100% Wolf,,95.0,2020,20201224,개봉,장편,,,,애니메이션,호주,알렉스 스타더만,,,(주)팝엔터테인먼트
20194541,안녕 베일리,A Dog's journey,,108.0,2019,20190905,개봉,장편,,,,가족,미국,게일 맨쿠소,조시 게드|데니스 퀘이드|캐서린 프레스콧|마그 헬젠버거|베티 길핀,,CGV아트하우스
20192271,부니베어: 원시시대 대모험,Boonie Bears : Blast Into The Past,,89.0,2019,20201022,개봉,장편,,,,애니메이션|판타지|어드벤처,중국,정량,박성영|이승행,,(주)라이크콘텐츠
20183867,알라딘,Aladdin,,127.0,2018,20190523,개봉,장편,,,,어드벤처|가족|판타지,미국,가이 리치,메나 마수드|윌 스미스|나오미 스콧,,월트디즈니컴퍼니코리아 유한책임회사
20144741,매드 맥스: 분노의 도로,Mad Max: Fury Road,,120.0,2015,20150514,개봉,장편,,,,액션|어드벤처|스릴러,미국|호주,조지 밀러,톰 하디|샤를리즈 테론|니콜라스 홀트|휴 키즈 바인|조 크라비츠,,워너브러더스 코리아(주)
20184888,메리 포핀스 리턴즈,Mary Poppins Returns,,130.0,2018,20190214,개봉,장편,,,,판타지|뮤지컬,미국,롭 마샬,에밀리 블런트|린-마누엘 미란다|벤 위쇼|에밀리 모티머|줄리 월터스,,월트디즈니컴퍼니코리아 유한책임회사
20184243,판소리 복서,My Punch-Drunk Boxer,,113.0,2019,20191009,개봉,장편,,,,코미디|드라마,한국,정혁기,엄태구|이혜리|김희원|최준영|이설,(주)바른손,CGV아트하우스
19980231,트루먼 쇼,The Truman Show,,102.0,1998,19981024,개봉,장편,,,,드라마|코미디|판타지,미국,피터 위어,짐 캐리|에드 해리스,파라마운트 픽쳐스,주식회사 해리슨앤컴퍼니
20163137,나의 소녀시대,Our Times,我的少女时代,134.0,2015,20160512,개봉,장편,,,,멜로/로맨스|드라마,대만,프랭키 첸,송운화|왕대륙,,오드
20208961,마리 퀴리,RADIOACTIVE,,109.0,2019,20201118,개봉,장편,,,,드라마,프랑스,마르잔 사트라피,로자먼드 파이크|샘 라일리|안야 테일러 조이,,(주)디스테이션
20200936,리플레이,American Folk,,99.0,2017,20201216,개봉,장편,,,,드라마|뮤지컬,미국,데이비드 하인즈,조 퍼디|앰버 루바스|크리샤 페어차일드,,(주)다자인소프트
20190014,오피셜 시크릿,Official Secrets,Official Secrets,112.0,2019,20191127,개봉,장편,,,,스릴러|드라마,영국,개빈 후드,키이라 나이틀리|매튜 구드|랄프 파인즈|맷 스미스,,(주)팬엔터테인먼트
20203303,지니어스 독,Think Like a Dog,,90.0,2020,20200916,개봉,장편,,,,코미디|드라마,미국,길 정거,메간 폭스|조쉬 더하멜|가브리엘 베이트먼,,(주)키다리이엔티
20200294,런,Run,,89.0,2020,20201120,개봉,장편,,,,미스터리|스릴러,미국,아니쉬 차간티,사라 폴슨|팻 힐리|키에라 앨런,,(주)올스타엔터테인먼트
20193822,뮬란,Mulan,,115.0,2019,20200917,개봉,장편,,,,어드벤처|드라마|가족,미국,니키 카로,유역비|이연걸|공리|견자단|제이슨 스콧 리,,월트디즈니컴퍼니코리아 유한책임회사
20199118,어쩌다 룸메이트,How Long Will I Love U,超时空同居,101.0,2018,20191113,개봉,장편,,,,멜로/로맨스,중국,소륜,뇌가음|동려아,,(주)키다리이엔티
20196726,우먼 인 할리우드,This Changes Everything,,95.0,2018,20191031,개봉,장편,,,,다큐멘터리,미국,톰 도나휴,지나 데이비스|메릴 스트립|나탈리 포트만|클로이 모레츠|케이트 블란쳇,,(주)마노엔터테인먼트
20193321,정직한 후보,HONEST CANDIDATE,,104.0,2019,20200212,개봉,장편,,,,코미디,한국,장유정,라미란|김무열|나문희|윤경호|장동주,(주)수필름|(주)홍필름,(주)넥스트엔터테인먼트월드(NEW)
20195941,소피와 드래곤: 마법책의 비밀,The Princess and The Dragon,Printsessa i drakon,72.0,2018,20191002,개봉,장편,,,,애니메이션|판타지|어드벤처,러시아,마리나 네페도바,정유정|김명준|현경수|홍승효|이상호,,(주)씨제이이엔엠
20208508,미스터트롯: 더 무비,,,119.0,2020,20201022,개봉,장편,,,,공연,한국,전수경,,(주)영화사 그램,(주)영화사 그램
20209408,와일드 시티,The Corrupted,,102.0,2019,20200617,개봉,장편,,,,액션,영국,론 스캘펠로,샘 클라플린|티모시 스폴|노엘 클락,,와이드 릴리즈(주)
20196670,나쁜 녀석들: 포에버,Bad Boys for Life,,123.0,2019,20200115,개봉,장편,,,,액션,미국,아딜 엘 아르비|빌랄 팔라,윌 스미스|마틴 로렌스|바네사 허진스,,소니픽쳐스엔터테인먼트코리아주식회사극장배급지점
20208828,불량한 가족,Road Family,,102.0,2019,20200709,개봉,장편,,,,코미디|드라마,한국,장재일,박원상|도지한|김다예|박초롱|서지희,(주)발자국 공장,(주)스톰픽쳐스코리아|와이드 릴리즈(주)
20000152,바스켓볼 다이어리,Basketball Diaries,,102.0,1995,20000429,개봉,장편,,,,범죄|드라마,미국,스콧 칼벳,레오나르도 디카프리오|줄리엣 루이스|마크 월버그,뉴라인 시네마,미디어필름인터내셔날(주)
20183785,점박이 한반도의 공룡2 : 새로운 낙원,,,93.0,2018,20181225,개봉,장편,,,,애니메이션,한국,한상호,박희순|라미란|김성균|박중금|장유화,(주)드림써치C&C,(주)넥스트엔터테인먼트월드(NEW)
20199981,눈의 여왕4,The Snow Queen: Mirrorlands,Snezhnaya koroleva. Zazerkale,87.0,2019,20191224,개봉,장편,,,,애니메이션|가족|판타지|어드벤처,러시아,로버트 렌스|알렉세이 트시칠린,양정화|박지윤|임채헌|박영재|민승우,,(주)넥스트엔터테인먼트월드(NEW)
20183583,폰조,Fonzo,,103.0,2020,20201014,개봉,장편,,,,범죄|드라마,미국,조쉬 트랭크,톰 하디|린다 카델리니|잭 로던|맷 딜런,,(주)키다리이엔티
20195711,너는 달밤에 빛나고,You Shine In The Moonlight,君は月夜に光り輝く,101.0,2019,20200610,개봉,장편,,,,멜로/로맨스,일본,츠키카와 쇼,나가노 메이|키타무라 타쿠미|오이카와 미츠히로|하세가와 쿄코,,(주)라이크콘텐츠|(주)이수C&E|(주)콘텐츠판다
20167542,분노의 질주: 더 익스트림,The Fast and The Furious 8,,136.0,2017,20170412,개봉,장편,,,,액션|범죄|스릴러,미국|일본|프랑스|캐나다,F. 게리 그레이,빈 디젤|드웨인 존슨|샤를리즈 테론|제이슨 스타뎀|스콧 이스트우드,,유니버설픽쳐스인터내셔널 코리아(유)
20208182,그레텔과 헨젤,Gretel & Hansel,,87.0,2020,20200708,개봉,장편,,,,판타지|미스터리,캐나다,오즈 퍼킨스,소피아 릴리스|앨리스 크리지,,(주)제이앤씨미디어그룹|TCO(주)더콘텐츠온
20197783,철벽선생,"My Teacher, My Love",センセイ君主,104.0,2018,20190314,개봉,장편,,,,멜로/로맨스,일본,츠키카와 쇼,하마베 미나미|타케우치 료마,,(주)미디어캐슬
20192206,백두산,ASHFALL,,128.0,2019,20191219,개봉,장편,,,,어드벤처|드라마,한국,김병서|이해준,이병헌|하정우|마동석|전혜진|배수지,주식회사 덱스터 픽쳐스|(주)퍼펙트스톰필름|(주)씨제이이엔엠,(주)씨제이이엔엠|(주)덱스터스튜디오
20192300,스파이 지니어스,Spies in Disguise,,101.0,2019,20200122,개봉,장편,,,,애니메이션|액션|코미디|가족|SF,미국,닉 브루노|트로이 콴,윌 스미스|톰 홀랜드,,월트디즈니컴퍼니코리아 유한책임회사
20193666,오! 문희,Oh! My Gran,,109.0,2020,20200902,개봉,장편,,,,코미디|드라마,한국,정세교,나문희|이희준|김예은|최원영|박지영,(주)빅스톤픽쳐스,CGV아트하우스
20185361,두번할까요,"LOVE, AGAIN",,112.0,2019,20191017,개봉,장편,,,,코미디|멜로/로맨스,한국,박용집,권상우|이정현|이종혁|성동일|정상훈,(주)영화사울림|(주)케이웍스스튜디오,(주)리틀빅픽쳐스
20112703,다크 나이트 라이즈,The Dark Knight Rises,,164.0,2012,20120719,개봉,장편,,,,액션|범죄|스릴러,미국|영국,크리스토퍼 놀란,크리스찬 베일|게리 올드만|앤 해서웨이|톰 하디|조셉 고든 레빗,,워너브러더스 코리아(주)
20010238,메멘토,Memento,,113.0,2000,20010824,개봉,장편,,,,미스터리|범죄|스릴러,미국,크리스토퍼 놀란,가이 피어스|캐리 앤 모스|조 판톨리아노,,(주)디스테이션|(주)팝엔터테인먼트
20189463,주먹왕 랄프 2: 인터넷 속으로,Ralph Breaks the Internet,,112.0,2018,20190103,개봉,장편,,,,애니메이션|어드벤처|코미디|가족,미국,리치 무어,존 C. 라일리|사라 실버맨|맨디 무어|크리스틴 벨,,월트디즈니컴퍼니코리아 유한책임회사
20187322,"힘을 내요, 미스터 리","CHEER UP, MR. LEE",,110.0,2019,20190911,개봉,장편,,,,코미디|드라마,한국,이계벽,차승원|엄채영|박해준|정원중|김혜옥,(주)용필름|(주)덱스터스튜디오,(주)넥스트엔터테인먼트월드(NEW)
20192589,빅 위시,SALMAS BIG WISH,,79.0,2019,20191030,개봉,장편,,,,판타지|애니메이션|어드벤처,멕시코,,,,(주)박수엔터테인먼트
20205970,워터 릴리스,Water Lilies,,83.0,2007,20200813,개봉,장편,,,,드라마|멜로/로맨스,프랑스,셀린 시아마,아델 에넬|폴린 아콰르|루이즈 블라쉬르,,(주)영화특별시에스엠씨
20202961,고스트 오브 워,Ghosts of War,,94.0,2020,20200902,개봉,장편,,,,미스터리|공포(호러)|스릴러,영국,에릭 브레스,브렌튼 스웨이츠|스카이라 애스틴|카일 갈너|앨런 리치슨,,THE 픽쳐스
20203027,프리키 데스데이 순한맛,FREAKY,,101.0,2020,20201210,개봉,장편,,,,코미디|공포(호러),미국,크리스토퍼 랜던,빈스 본|캐서린 뉴튼,,유니버설픽쳐스인터내셔널 코리아(유)
20040734,노트북,The Notebook,,123.0,2004,20041126,개봉,장편,,,,멜로/로맨스,미국,닉 카사베츠,레이첼 맥아담스|라이언 고슬링,뉴라인 시네마,에무 시네마 앤 카페|(주)퍼스트런|TCO(주)더콘텐츠온|글뫼 주식회사|씨제이엔터테인먼트
20203461,시크릿 가든,The Secret Garden,,99.0,2020,20200819,개봉,장편,,,,드라마|가족|판타지,영국,마크 먼든,딕시 에저릭스|콜린 퍼스|줄리 월터스,,(주)이수C&E
20206141,바이올렛 에버가든 – 영원과 자동 수기 인형 -,Violet Evergarden - Eternity and the Auto Memory Doll,ヴァイオレット・エヴァーガーデン 外伝 - 永遠と自動手記人形,90.0,2019,20200326,개봉,장편,,,,애니메이션,일본,후지타 하루카,이시카와 유이|코토부키 미나코,,(주)라이크콘텐츠
20196676,종이꽃,Paper Flower,,103.0,2019,20201022,개봉,장편,,,,드라마,한국,고훈,안성기|유진|김혜성|장재희|이석,(주)로드픽쳐스|㈜스토리셋,(주)스튜디오 보난자
20193601,장사리 : 잊혀진 영웅들,Battle of Jangsari,,103.0,2019,20190925,개봉,장편,,,,전쟁,한국,김태훈|곽경택,김명민|최민호|김성철|김인권|곽시양,(주)태원엔터테인먼트,워너브러더스 코리아(주)
20205262,엽문4: 더 파이널,Ip Man4: The Finale,,104.0,2019,20200401,개봉,장편,,,,액션|드라마,홍콩,엽위신,견자단|오월|오건호|스콧 앳킨스,,(주)키다리이엔티
20199063,빅샤크2: 해저2만리,Happy Little Submarine : 20000 Leagues under the Sea,,74.0,2018,20190606,개봉,장편,,,,애니메이션|어드벤처,중국,신우,장병관|김소희|김보나|서반석|강은애,,와이드 릴리즈(주)
20183454,요로나의 저주,The Curse of La Llorona,,93.0,2019,20190417,개봉,장편,,,,공포(호러),미국,마이클 차베즈,린다 카델리니|패트리시아 벨라즈퀘즈|레이몬드 크루즈|숀 패트릭 토마스,,워너브러더스 코리아(주)
20090161,슬럼독 밀리어네어,Slumdog Millionaire,,120.0,2008,20090319,개봉,장편,,,,드라마|멜로/로맨스|범죄,영국|미국,대니 보일,데브 파텔|이르판 칸|프리다 핀토|마두르 미탈|아닐 카푸르,,(주)영화특별시에스엠씨|씨제이엔터테인먼트
20030404,러브 액츄얼리,Love Actually,Love Actually,130.0,2003,20031205,개봉,장편,,,,멜로/로맨스|드라마|코미디,미국|영국,리차드 커티스,휴 그랜트|콜린 퍼스|알란 릭맨|엠마 톰슨|리암 니슨,,(주)제이앤씨미디어그룹|와이드 릴리즈(주)|UIP코리아|(유)조이앤시네마
20205980,테슬라,Tesla,,102.0,2020,20201028,개봉,장편,,,,드라마,미국,마이클 알메레이다,에단 호크|이브 휴슨|조쉬 해밀톤|짐 개피건|카일 맥라클란,,(주)제이앤씨미디어그룹
20196601,항거:유관순 이야기,A Resistance,,105.0,2018,20190227,개봉,장편,,,,드라마,한국,조민호,고아성|김새벽|정하담|류경수|신영주,(주)디씨지플러스,롯데컬처웍스(주)롯데엔터테인먼트
20186651,뷰티풀 보이스,Beautiful Voice,,96.0,2017,20190522,개봉,장편,,,,코미디,한국,김선웅,박호산|이이경|문지인|김정팔|배유람,(주)그래그거,(주)스톰픽쳐스코리아|와이드 릴리즈(주)
20090528,페임,FAME,,122.0,2009,20090924,개봉,장편,,,,뮤지컬|드라마,미국,케빈 탄차로엔,애셔 북|케이 파나베이커|나투리 노튼|케링튼 페인|월터 페레즈,레이크쇼어 엔터테인먼트,(주)다자인소프트|롯데쇼핑㈜롯데엔터테인먼트
20206021,건즈 아킴보,Guns Akimbo,,97.0,2020,20200415,개봉,장편,,,,액션,영국,제이슨 레이 하우덴,다니엘 래드클리프|사마라 위빙,,와이드 릴리즈(주)
20181434,신의 한 수: 귀수편,The Divine Move 2: The Wrathful,,106.0,2019,20191107,개봉,장편,,,,범죄|액션,한국,리건,권상우|김희원|김성균|허성태|우도환,(주)메이스엔터테인먼트|(주)아지트필름,(주)씨제이이엔엠
20199815,밥정,The Wandering Chef,,82.0,2019,20201007,개봉,장편,,,,다큐멘터리|드라마,한국,박혜령,임지호|김순규,(주)하얀소엔터테인먼트,(주)엣나인필름
20187427,명탐정 코난 : 제로의 집행인,Detective Conan: Zero the Enforcer,名探偵コナン ゼロの執行人,110.0,2018,20180808,개봉,장편,,,,애니메이션,일본,타치카와 유즈루,타카야마 미나미|야마자키 와카나|코야마 리키야|푸루야 토루,,(주)씨제이이엔엠
20170658,PMC: 더 벙커,Take Point,,124.0,2018,20181226,개봉,장편,,,,액션,한국,김병우,하정우|이선균|제니퍼 엘|민무제|강신철,(주)퍼펙트스톰필름,(주)씨제이이엔엠
20204107,주디,Judy,,117.0,2019,20200325,개봉,장편,,,,드라마|멜로/로맨스,영국,루퍼트 굴드,르네 젤위거,,TCO(주)더콘텐츠온
20190703,우리집,The House of Us,,91.0,2019,20190822,개봉,장편,,,,드라마|가족,한국,윤가은,김나연|김시아|주예림|안지호|임지형,(주)아토,롯데컬처웍스(주)롯데엔터테인먼트
20197846,악질경찰,Jo Pil-ho: The Dawning Rage,,127.0,2018,20190320,개봉,장편,,,,범죄|드라마,한국,이정범,이선균|전소니|박해준|송영창|박병은,청년필름(주)|다이스필름(주),워너브러더스 코리아(주)
20200361,"아무튼, 아담",Adam,,100.0,2020,20200702,개봉,장편,,,,드라마,미국,,아론 폴|레나 올린|섀넌 루치오,,(주)비싸이드 픽쳐스|주식회사 모쿠슈라픽쳐스|필립 스튜디오
20197397,나의 청춘은 너의 것,Love the Way You Are,我的青春都是你,91.0,2019,20200429,개봉,장편,,,,멜로/로맨스,대만,주동|대몽영,송운화|송위룡,오드,오드|(주)홈초이스
20202647,나이팅게일,The Nightingale,,136.0,2018,20201230,개봉,장편,,,,스릴러,호주,제니퍼 켄트,샘 클라플린,,(주)제이앤씨미디어그룹
20040725,화양연화,In The Mood For Love,花樣年華,98.0,2000,20001020,개봉,장편,,,,드라마|멜로/로맨스,홍콩|프랑스,왕가위,장만옥|양조위,,(주)디스테이션
20185124,러브 유어셀프 인 서울,LOVE YOURSELF IN SEOUL,,111.0,2018,20190126,개봉,장편,,,,공연,한국,,김남준|김석진|민윤기|정호석|박지민,빅히트 엔터테인먼트|씨제이 씨지브이(CJ CGV)(주),씨제이 씨지브이(CJ CGV)(주)
20197054,빅트립: 아기팬더 배달 대모험,Big trip,,82.0,2019,20191023,개봉,장편,,,,애니메이션,미국,바실리 로벤스키,한으뜸|장다운|이창민|서반석|박성영,,(주)트리플픽쳐스
20198598,명탐정 피카츄,Pokemon Detective Pikachu,,104.0,2019,20190509,개봉,장편,,,,액션|어드벤처|코미디,미국,롭 레터맨,라이언 레이놀즈|저스티스 스미스|캐서린 뉴튼|수키 워터하우스|빌 나이,,워너브러더스 코리아(주)
20188364,맛있는 녀석들,Kung Food,,98.0,2018,20200716,개봉,장편,,,,애니메이션,중국,순 하이펑,,,(주)팝엔터테인먼트
20197402,꼬마 자전거 스피디,Bikes,,75.0,2018,20191017,개봉,장편,,,,애니메이션|어드벤처,스페인,마누엘 J. 가르시아,,,(주)박수엔터테인먼트
20184574,그린 북,Green Book,,130.0,2018,20190109,개봉,장편,,,,드라마,미국,피터 패럴리,비고 모텐슨|마허샬라 알리,,CGV아트하우스
20202703,뱅가드,Vanguard,急先锋,107.0,2020,20201230,개봉,장편,,,,액션,중국,당계례,성룡|양양,,(주)디스테이션
20182530,극한직업,Extreme Job,,111.0,2018,20190123,개봉,장편,,,,코미디,한국,이병헌,류승룡|이하늬|진선규|이동휘|공명,(주)어바웃잇|영화사 해그림 주식회사|(주)씨제이이엔엠,(주)씨제이이엔엠
20199883,오케이 마담,OK! MADAM,,100.0,2019,20200812,개봉,장편,,,,코미디|액션,한국,이철하,엄정화|박성웅|이상윤|배정남|이선빈,올픽처스 주식회사|(주)사나이픽처스,메가박스중앙(주) 플러스엠 엔터테인먼트
20189987,킬러의 보디가드 무삭제 특별판,The Hitman's Bodyguard,,125.0,2017,20180912,개봉,장편,,,,액션|코미디,미국,패트릭 휴즈,라이언 레이놀즈|사무엘 L. 잭슨,,(주)제이앤씨미디어그룹|(유)조이앤시네마
20209463,나의 첫 번째 슈퍼스타,The High Note,,113.0,2020,20200610,개봉,장편,,,,코미디|드라마,미국,니샤 가나트라,다코타 존슨|트레이스 엘리스 로스,,유니버설픽쳐스인터내셔널 코리아(유)
20206165,이누야시키 : 히어로 VS 빌런,inuyashiki,いぬやしき,126.0,2018,20200422,개봉,장편,,,,SF|드라마|액션,일본,사토 신스케,키나시 노리타케|사토 타케루,,와이드 릴리즈(주)|(주)제이앤씨미디어그룹
20208045,강철비2 : 정상회담 확장판,Steel Rain2: Summit (Director's Cut),,142.0,2019,20200930,개봉,장편,,,,드라마|액션,한국,양우석,정우성|곽도원|유연석|앵거스 맥페이든,(주)스튜디오게니우스우정,롯데컬처웍스(주)롯데엔터테인먼트
20171021,커런트 워,The Current War,,107.0,2017,20190822,개봉,장편,,,,드라마,미국,알폰소 고메즈-레존,베네딕트 컴버배치|마이클 섀넌|니콜라스 홀트|톰 홀랜드|캐서린 워터스턴,,(주)이수C&E
20199736,프렌즈: 둥지탈출,Manou the Swift,,87.0,2019,20190501,개봉,장편,,,,애니메이션|어드벤처|코미디,독일,크리스찬 하스|안드레아 블록,,,(주)박수엔터테인먼트
20184889,어벤져스: 엔드게임,Avengers: Endgame,,180.0,2018,20190424,개봉,장편,,,,액션|SF,미국,조 루소|안소니 루소,로버트 다우니 주니어|크리스 에반스|마크 러팔로|크리스 헴스워스|스칼렛 요한슨,,월트디즈니컴퍼니코리아 유한책임회사
20182241,"안녕, 티라노: 영원히, 함께","My TYRANO: Together, Forever",,97.0,2019,20190814,개봉,장편,,,,애니메이션,한국,시즈노 코분,시영준|정혜원|이세은|이현|김지혜,(주)미디어캐슬,(주)넥스트엔터테인먼트월드(NEW)
20209370,킹덤 오브 헤븐: 디렉터스 컷,Kingdom Of Heaven: Director’s Cut,,189.0,2005,20201111,개봉,장편,,,,액션,영국,리들리 스콧,올랜도 블룸|에바 그린|리암 니슨|제레미 아이언스,,(주)영화사오원
20197981,패트와 매트: 우당탕탕 크리스마스,Pat a Mat: Zimní radovánky,,77.0,2018,20191107,개봉,장편,,,,애니메이션|가족,체코,마렉 베네슈,,,(주)팝엔터테인먼트
20206446,n번째 이별 중,Time Freak,,104.0,2018,20200401,개봉,장편,,,,멜로/로맨스|코미디,미국,,에이사 버터필드|소피 터너,,(주)팬엔터테인먼트|(주)영화특별시에스엠씨
20198183,뽀로로 극장판 보물섬 대모험,Treasure Island Adventure,,79.0,2019,20190425,개봉,장편,,,,애니메이션|가족,한국,김현호|윤창섭|김현호,이선|이미자|김현지|홍소영|정미숙,(주)오콘,(주)넥스트엔터테인먼트월드(NEW)
20208448,극장판 바다 탐험대 옥토넛 : 대산호초 보호작전,OCTONAUTS & the Great Barrier Reef,,45.0,2020,20201112,개봉,장편,,,,애니메이션|뮤지컬|어드벤처,영국,,하성용|정재헌|엄상현|김정은|김율,,와이드 릴리즈(주)
20190163,아스테릭스: 마법 물약의 비밀,Asterix: The Secret of the Magic Potion,Asterix: Le secret de la potion magique,75.0,2018,20191212,개봉,장편,,,,애니메이션|어드벤처,프랑스,루이 클리시|알렉상드르 아스티에,박성영|서반석,,(주)박수엔터테인먼트
20202368,"내 어깨 위 고양이, 밥 2",A Gift from Bob,,91.0,2020,20201224,개봉,장편,,,,가족|드라마,영국,찰스 마틴 스미스,루크 트레더웨이,,(주)영화특별시에스엠씨
20202103,비독: 파리의 황제,The Emperor of Paris,L'EMPEREUR DE PARIS,120.0,2018,20200917,개봉,장편,,,,액션|범죄|드라마,프랑스,장-프랑소와 리셰,뱅상 카셀|올가 쿠릴렌코|오거스트 딜|드니 라방,,(주)영화특별시에스엠씨|주식회사 더쿱
20183782,기생충,PARASITE,,131.0,2019,20190530,개봉,장편,,,,드라마,한국,봉준호,송강호|이선균|조여정|최우식|박소담,(주)바른손이앤에이,(주)씨제이이엔엠
20201123,프리키 데스데이,Freaky,,102.0,2020,20201125,개봉,장편,,,,코미디|공포(호러),미국,크리스토퍼 랜던,빈스 본|캐서린 뉴튼,,유니버설픽쳐스인터내셔널 코리아(유)
20193526,젠틀맨,The Gentlemen,,113.0,2020,20200226,개봉,장편,,,,범죄|액션,미국,가이 리치,매튜 매커너히|휴 그랜트|콜린 파렐|찰리 허냄|헨리 골딩,,(주)영화사 빅|(주)다날엔터테인먼트
20196782,초미의 관심사,Jazzy Misfits,,92.0,2019,20200527,개봉,장편,,,,드라마,한국,남연우,조민수|김은영|김성욱|박종빈|나나,클라이맥스 스튜디오(주),(주)트리플픽쳐스
20205096,세인트 아가타,"St, Agatha",,103.0,2019,20200319,개봉,장편,,,,공포(호러)|스릴러,미국,대런 린 보우즈만,사브리나 컨|캐롤린 헨니시|트린 밀러,,(주)디스테이션
20204098,안티고네,Antigone,,108.0,2019,20201119,개봉,장편,,,,드라마|범죄,캐나다,소피 드라스프,나에마 리치|안토니 데스로체|폴 듀셋,,그린나래미디어(주)|(주)키다리이엔티
20206865,애프터 웨딩 인 뉴욕,After the Wedding,,111.0,2019,20200423,개봉,장편,,,,드라마,영국,바트 프룬디치,미쉘 윌리엄스|줄리안 무어|빌리 크루덥,,(주)영화사 진진
19880001,이웃집 토토로,My Neighbor Totoro,となりの トトロ,87.0,1988,20010728,개봉,장편,,,,애니메이션|드라마,일본,미야자키 하야오,히다카 노리코|사카모토 치카,,(주)스마일이엔티|(주)키다리이엔티
20200601,1942: 언노운 배틀,Unknown Battle,,117.0,2019,20200729,개봉,장편,,,,전쟁,러시아,,,,(주)제이앤씨미디어그룹
20190142,굿 라이어,The Good Liar,,109.0,2019,20191205,개봉,장편,,,,스릴러,미국,빌 콘돈,헬렌 미렌|짐 카터|이안 맥켈런|러셀 토베이,,워너브러더스 코리아(주)
20185352,어스,Us,,116.0,2019,20190327,개봉,장편,,,,공포(호러)|스릴러,미국,조던 필,루피타 뇽오|윈스턴 듀크|엘리자베스 모스|팀 헤이데커|야히아 압둘 마틴 2세,,유니버설픽쳐스인터내셔널 코리아(유)
20192022,마담 싸이코,Greta,,98.0,2018,20190626,개봉,장편,,,,공포(호러)|스릴러,미국,닐 조단,클로이 모레츠|이자벨 위페르,,(주)쇼박스
20208686,콜 오브 와일드,The Call of the Wild,,99.0,2019,20200514,개봉,장편,,,,어드벤처|드라마|가족,미국,크리스 샌더스,해리슨 포드|오마 사이|카렌 길런|댄 스티븐스|브래들리 휘트포드,,월트디즈니컴퍼니코리아 유한책임회사
20139083,언어의 정원,The Garden of Words,言の葉の庭,46.0,2013,20130814,개봉,장편,,,,애니메이션,일본,신카이 마코토,이리노 미유|하나자와 카나|히라노 후미,,(주)미디어캐슬|(주)팝엔터테인먼트
20194456,양자물리학,By Quantum Physics: A Nightlife Venture,,119.0,2019,20190925,개봉,장편,,,,범죄,한국,이성태,박해수|서예지|김상호|김응수|변희봉,(주)엠씨엠씨,(주)메리크리스마스
20196309,스파이더맨: 파 프롬 홈,Spider-Man: Far From Home,,129.0,2019,20190702,개봉,장편,,,,액션|어드벤처|코미디|SF,미국,존 왓츠,톰 홀랜드|사무엘 L. 잭슨|젠데이아 콜먼|코비 스멀더스|존 파브로,,소니픽쳐스엔터테인먼트코리아주식회사극장배급지점
20197279,아담스 패밀리,The Addams Family,,86.0,2019,20191107,개봉,장편,,,,애니메이션|코미디|가족,미국|영국|캐나다,그렉 티어넌|콘래드 베논,샤를리즈 테론|클로이 모레츠|오스카 아이삭|핀 울프하드|폼 클레멘티에프,,유니버설픽쳐스인터내셔널 코리아(유)
20195915,해피 데스데이 2 유,Happy Death Day 2 U,,100.0,2018,20190214,개봉,장편,,,,공포(호러)|코미디,미국,크리스토퍼 랜던,제시카 로테|이스라엘 브로우사드,,유니버설픽쳐스인터내셔널 코리아(유)
20200802,킬 스위치,Kill Switch,,91.0,2017,20200701,개봉,장편,,,,SF,미국,,댄 스티븐스|베레니스 말로에,,(주)삼백상회
20191029,82년생 김지영,"KIM JI-YOUNG, BORN 1982",,118.0,2019,20191023,개봉,장편,,,,드라마,한국,김도영,정유미|공유|김국희|김미경|공민정,(주)봄바람영화사,롯데컬처웍스(주)롯데엔터테인먼트
20197863,침입자,Intruder,,102.0,2019,20200604,개봉,장편,,,,미스터리|스릴러,한국,손원평,송지효|김무열|김무열|예수정|허준석,(주)비에이엔터테인먼트,(주)에이스메이커무비웍스
20198453,롱 리브 더 킹: 목포 영웅,Long Live the King,,117.0,2019,20190619,개봉,장편,,,,액션|드라마,한국,강윤성,김래원|원진아|진선규|최귀화|주진모,주식회사 몬스터컴퍼니|(주)비에이엔터테인먼트,메가박스중앙(주) 플러스엠 엔터테인먼트|(주)콘텐츠지오
20205321,킹 오브 프리즘 올 스타즈 -프리즘 쇼☆베스트10-,KING OF PRISM ALL STARS -PRISM SHOW☆BEST10-,,76.0,2020,20200402,개봉,장편,,,,애니메이션,일본,히시다 마사카즈,,,동우에이앤이(주)
20208663,라스트 풀 메저,The Last Full Measure,,115.0,2019,20200520,개봉,장편,,,,드라마|전쟁,미국,토드 로빈슨,세바스찬 스탠|사무엘 L. 잭슨|크리스토퍼 플러머|윌리엄 허트|에드 해리스,,(주)삼백상회
20190582,내가 죽던 날,THE DAY I DIED : UNCLOSED CASE,,116.0,2020,20201112,개봉,장편,,,,드라마,한국,박지완,김혜수|이정은|노정의|김선영|이상엽,오스카10스튜디오|스토리퐁,워너브러더스 코리아(주)
20192567,원더 우먼 1984,Wonder Woman 1984,,150.0,2020,20201223,개봉,장편,,,,액션|어드벤처,미국,팻티 젠킨스,갤 가돗|크리스 파인|크리스틴 위그|페드로 파스칼|코니 닐슨,,워너브러더스 코리아(주)
20196850,분노의 질주: 홉스&쇼,Fast & Furious Presents: Hobbs & Shaw,,135.0,2019,20190814,개봉,장편,,,,액션,미국,데이빗 레이치,드웨인 존슨|제이슨 스타뎀|이드리스 엘바|바네사 커비,,유니버설픽쳐스인터내셔널 코리아(유)
20191741,앵그리 버드 2: 독수리 왕국의 침공,The Angry Birds Movie 2,,96.0,2019,20190807,개봉,장편,,,,애니메이션|액션,미국,서럽 밴 오먼,제이슨 서디키스|조시 게드|대니 맥브라이드|피터 딘클리지|아콰피나,,소니픽쳐스엔터테인먼트코리아주식회사극장배급지점
20194943,발명왕 볼트,Brave Rabbit3 the Crazy Time Machine,Brave rabbit 3 The crazy time machine,69.0,2019,20190919,개봉,장편,,,,어드벤처|애니메이션,중국,증헌림,,,(주)박수엔터테인먼트
20164621,덩케르크,Dunkirk,,106.0,2017,20170720,개봉,장편,,,,액션|드라마|스릴러|전쟁,미국|영국,크리스토퍼 놀란,톰 하디|마크 라이런스|케네스 브래너|킬리언 머피|제임스 다시,,워너브러더스 코리아(주)
20206178,극장판 엉덩이 탐정: 텐텐마을의 수수께끼,,,61.0,2020,20200924,개봉,장편,,,,애니메이션,일본,시바타 히로키,김은아|소연|홍진욱|남도형,,(주)넥스트엔터테인먼트월드(NEW)
20182447,클로젯,The Closet,,97.0,2018,20200205,개봉,장편,,,,미스터리|드라마,한국,김광빈,하정우|김남길|허율|김시아|신현빈,(주)영화사 월광|(주)퍼펙트스톰필름,(주)씨제이이엔엠
20204546,엠마,EMMA,,124.0,2020,20200227,개봉,장편,,,,코미디|드라마|멜로/로맨스,영국,어텀 드 와일드,안야 테일러 조이|자니 플린|미아 고스|빌 나이|미란다하트,,유니버설픽쳐스인터내셔널 코리아(유)
20188282,알리타: 배틀 엔젤,Alita: Battle Angel,,121.0,2018,20190205,개봉,장편,,,,액션|어드벤처|멜로/로맨스|SF|스릴러,미국,로버트 로드리게즈,크리스토프 왈츠|에드 스크레인,,월트디즈니컴퍼니코리아 유한책임회사|이십세기폭스코리아(주)
20199867,프란치스코 교황 : 맨 오브 히스 워드,Pope Francis: A Man of His Word,,96.0,2018,20191121,개봉,장편,,,,다큐멘터리,이탈리아|스위스|독일|프랑스,빔 벤더스,프란치스코,,㈜영화사 백두대간|영화사 풀
20197390,조조 래빗,JOJO RABBIT,,108.0,2019,20200205,개봉,장편,,,,코미디|드라마|전쟁,미국,타이카 와이티티,스칼렛 요한슨|로만 그리핀 데이비스|타이카 와이티티|토마신 맥켄지|샘 록웰,,월트디즈니컴퍼니코리아 유한책임회사
20195202,뷰티풀 보이,Beautiful Boy,,120.0,2018,20190919,개봉,장편,,,,드라마,미국,펠릭스 반 그뢰닝엔,스티브 카렐|티모시 샬라메,,(주)이수C&E
20199448,어린 의뢰인,My First Client,,114.0,2019,20190522,개봉,장편,,,,드라마|가족,한국,장규성,이동휘|유선|최명빈|이주원|한대훈,이스트드림시노펙스(주),롯데컬처웍스(주)롯데엔터테인먼트
20196655,존 윅 3: 파라벨룸,John Wick: Chapter 3 - Parabellum,,131.0,2019,20190626,개봉,장편,,,,액션|범죄|스릴러,미국,채드 스타헬스키,키아누 리브스|할리 베리|로렌스 피쉬번|이안 맥쉐인,,와이드 릴리즈(주)|(주)제이앤씨미디어그룹|TCO(주)더콘텐츠온
20184483,퍼펙트맨,Man of Men,,116.0,2019,20191002,개봉,장편,,,,코미디|드라마,한국,용수,설경구|조진웅|허준호|진선규|김사랑,(주)맨필름|(주)쇼박스,(주)쇼박스
20197987,더 길티,The Guilty,Den skyldige,88.0,2018,20190327,개봉,장편,,,,스릴러,덴마크,구스타브 몰러,야곱 세데르그렌,,(주)팝엔터테인먼트
20185478,극장판 헬로카봇: 옴파로스 섬의 비밀,Hello Carbot The Movie: The Secret of Omphalos Island,,78.0,2018,20190131,개봉,장편,,,,애니메이션,한국,김진철|최신규,이지현|김용준|양정화|사문영|홍범기,(주)초이락컨텐츠팩토리,(주)넥스트엔터테인먼트월드(NEW)
20162003,명탐정 코난:전율의 악보,Detective Conan: Full Score of Fear,,115.0,2008,20190214,개봉,장편,,,,애니메이션|미스터리,일본,야마모토 야스이치로,타카야마 미나미|야마자키 와카나|카미야 아키라,,(주)씨제이이엔엠
20208562,씨 피버,Sea Fever,,93.0,2019,20200513,개봉,장편,,,,SF|공포(호러),아일랜드|스웨덴|벨기에|영국,니사 하디만,헤르미온느 코필드|코니 닐슨|아르달란 에스마일리|잭 히키,,(주)팝엔터테인먼트
20190885,사탄의 인형,Child's Play,,90.0,2019,20190620,개봉,장편,,,,공포(호러),미국,라스 클리브버그,마크 해밀|오브리 플라자|가브리엘 베이트먼|브라이언 타이리 헨리,,(주)이수C&E
20200846,부산행:익스텐디드,TRAIN TO BUSAN:EXTENDED,,120.0,2016,20200701,개봉,장편,,,,액션|스릴러,한국,연상호,공유|정유미|마동석|김수안|최우식,(주)영화사레드피터,(주)넥스트엔터테인먼트월드(NEW)
20202341,아웃포스트,The Outpost,,123.0,2020,20200923,개봉,장편,,,,전쟁|드라마,미국,로드 루리,스콧 이스트우드|케일럽 랜드리 존스|올랜도 블룸,,(주)제이앤씨미디어그룹
20202442,극장판 시로바코,SHIROBAKO The Movie,Gekijôban Shirobako,120.0,2020,20200820,개봉,장편,,,,애니메이션|드라마,일본,미즈시마 츠토무,,,(주)애니플러스
20199842,인비저블맨,The Invisible Man,,124.0,2020,20200226,개봉,장편,,,,공포(호러),미국,리 워넬,엘리자베스 모스|알디스 호지,,유니버설픽쳐스인터내셔널 코리아(유)
20182421,그린치,The Grinch,,89.0,2018,20181219,개봉,장편,,,,애니메이션|코미디,미국,스콧 모시어,베네딕트 컴버배치,,유니버설픽쳐스인터내셔널 코리아(유)
20190725,물의 기억,The Memory Of Water,,99.0,2019,20190515,개봉,장편,,,,다큐멘터리|드라마,한국,진재운,김명곤|김용주|한하랑|정종호|김가은,(주)KNN,롯데컬처웍스(주)롯데엔터테인먼트
20206982,킹덤,Kingdom,,133.0,2019,20200429,개봉,장편,,,,액션,일본,사토 신스케,야마자키 켄토|요시자와 료|나가사와 마사미,,와이드 릴리즈(주)
20197121,삼진그룹 영어토익반,SAMJIN COMPANY ENGLISH CLASS,,110.0,2020,20201021,개봉,장편,,,,드라마,한국,이종필,고아성|이솜|박혜수|백현진|조현철,더램프(주),롯데컬처웍스(주)롯데엔터테인먼트
20183813,결백,Innocence,,110.0,2019,20200610,개봉,장편,,,,드라마,한국,박상현,신혜선|배종옥|허준호|태항호|홍경,(주)이디오플랜,소니픽쳐스엔터테인먼트코리아주식회사극장배급지점|(주)키다리이엔티
20184105,말모이,MAL·MO·E: The Secret Mission,,135.0,2018,20190109,개봉,장편,,,,드라마,한국,엄유나,유해진|윤계상|차준서|정원|송지호,더램프(주),롯데컬처웍스(주)롯데엔터테인먼트
20197423,공포의 묘지,Pet Sematary,,100.0,2018,20190410,개봉,장편,,,,공포(호러)|스릴러,미국,케빈 콜쉬|데니스 위드미어,제이슨 클락|존 리스고|에이미 세이메츠,,롯데컬처웍스(주)롯데엔터테인먼트
20206679,공포체험라디오 4DX,,,50.0,2020,20200916,개봉,장편,,,,공포(호러),한국,서정희,,씨지브이 아이스콘|씨제이포디플렉스 주식회사,씨지브이 아이스콘|씨제이포디플렉스 주식회사
20195920,가장 보통의 연애,Crazy Romance,,109.0,2019,20191002,개봉,장편,,,,멜로/로맨스|코미디,한국,김한결,김래원|공효진|강기영|정웅인|장소연,영화사 집,(주)넥스트엔터테인먼트월드(NEW)
20200774,블랙아웃 : 인베이젼 어스,The Blackout,,105.0,2019,20200805,개봉,장편,,,,SF|액션,러시아,예고르 바라노프,알렉세이 차도프|피요트르 피오도로프,,(주)제이앤씨미디어그룹
20185384,호텔 뭄바이,Hotel Mumbai,,122.0,2018,20190508,개봉,장편,,,,스릴러,호주,앤소니 마라스,데브 파텔|아미 해머|나자닌 보니아디|제이슨 아이삭스|아누팜 커,,글뫼 주식회사|(주)에스와이코마드
20185784,나의 특별한 형제,Inseparable Bros,,113.0,2018,20190501,개봉,장편,,,,드라마|코미디,한국,육상효,신하균|이광수|이솜|박철민|권해효,(주)명필름|(주)조이래빗,(주)넥스트엔터테인먼트월드(NEW)
20188144,0.0MHz,0.0MHz,,101.0,2018,20190529,개봉,장편,,,,공포(호러),한국,유선동,정은지|이성열|최윤영|신주환|정원창,(주)제이엠컬쳐스,(주)스마일이엔티
20161872,너의 이름은.,your name.,君の名は。,106.0,2016,20170104,개봉,장편,,,,애니메이션|드라마|멜로/로맨스,일본,신카이 마코토,카미키 류노스케|카미시라이시 모네|나가사와 마사미|이치하라 에수코|유키 아오이,,메가박스중앙(주) 플러스엠 엔터테인먼트
20199623,고양이 여행 리포트,The Travelling Cat Chronicles,旅猫リポート,119.0,2018,20190509,개봉,장편,,,,드라마,일본,미키 코이치로,후쿠시 소타|타카하타 미츠키|다케우치 유코,,아이 엠
20100312,인셉션,Inception,Inception,147.0,2010,20100721,개봉,장편,,,,드라마|미스터리,미국,크리스토퍼 놀란,레오나르도 디카프리오|엘렌 페이지|마리옹 꼬띠아르,워너 브러더스 픽쳐스|레젼데리 픽쳐스,(주)디스테이션|워너브러더스 코리아(주)
20187959,원더랜드,Wonder Park,,85.0,2019,20190814,개봉,장편,,,,애니메이션|코미디|어드벤처|가족,미국,딜런 브라운,소연|장민혁|안장혁|안소이|변영희,파라마운트 픽쳐스,롯데컬처웍스(주)롯데엔터테인먼트
20164721,미녀와 야수,Beauty and the Beast,,129.0,2017,20170316,개봉,장편,,,,멜로/로맨스|판타지|뮤지컬,미국,빌 콘돈,엠마 왓슨|댄 스티븐스|루크 에반스|이완 맥그리거|이안 맥켈런,,월트디즈니컴퍼니코리아 유한책임회사
20197552,출동! 도토리 구조대,Get Squirrely,,82.0,2015,20190328,개봉,장편,,,,애니메이션,미국,로스 베노커,,,(주)디스테이션
20194045,극장판 반지의 비밀일기,Banzi’s Secret Diary,,72.0,2019,20190911,개봉,장편,,,,애니메이션,한국,한승우,방연지|김선혜|조경이|조진숙|채민지,(주)쏘울 크리에이티브|애니맥스 브로드캐스팅 코리아 유한회사,(주)영화사 빅|(주)버킷스튜디오
20202502,애프터: 그 후,After We Collided,,105.0,2020,20201007,개봉,장편,,,,멜로/로맨스|드라마,미국,로저 컴블,히어로 파인즈 티핀|조세핀 랭포드|딜런 스프라우즈,,판씨네마(주)
20186281,범블비,Bumblebee,,113.0,2018,20181225,개봉,장편,,,,액션|어드벤처|SF,미국,트래비스 나이트,헤일리 스테인펠드|파멜라 애들론|존 시나|피터 쿨렌|케네스 최,,롯데컬처웍스(주)롯데엔터테인먼트
20081445,굿바이,Departures,おくりびと,130.0,2008,20081030,개봉,장편,,,,드라마,일본,타키타 요지로,모토키 마사히로|히로스에 료코|야마자키 츠토무|요 키미코,,(주)팝엔터테인먼트|(주)드림팩트엔터테인먼트|㈜케이디미디어
20198912,노무현과 바보들,President ROH Moo-hyun and Fools,,92.0,2019,20190418,개봉,장편,,,,다큐멘터리,한국,김재희,노무현,(주)바보들,오키넷|(주)라이크콘텐츠
20191183,제미니 맨,Gemini Man,,116.0,2019,20191009,개봉,장편,,,,액션|드라마|SF,미국,이안,윌 스미스|메리 엘리자베스 윈스티드|클라이브 오웬|베네딕트 웡,,롯데컬처웍스(주)롯데엔터테인먼트
20182585,비스트,The Beast,,130.0,2019,20190626,개봉,장편,,,,범죄|스릴러,한국,이정호,이성민|유재명|전혜진|최다니엘|김호정,(주)스튜디오앤뉴,(주)넥스트엔터테인먼트월드(NEW)
20176767,"나는 내일, 어제의 너와 만난다","My tomorrow, your yesterday","ぼくは明日, 昨日のきみとデートする",110.0,2016,20171012,개봉,장편,,,,멜로/로맨스|판타지|SF,일본,미키 타카히로,후쿠시 소타|고마츠 나나|히가시데 마사히로,,(주)디스테이션
20190261,언더 더 씨2,Fish Tales 2,,70.0,2017,20190523,개봉,장편,,,,애니메이션,미국,에반 트라멜,오은수|방지원|송영인|조연우|신정훈,,이언픽쳐스
20197723,킹 오브 프리즘 -샤이니 세븐 스타즈-,KING OF PRISM -Shiny Seven Stars-,プロローグ×ユキノジョウ×タイガ,70.0,2019,20190307,개봉,장편,,,,애니메이션,일본,히시다 마사카즈,우치다 유우마,,동우에이앤이(주)
20202601,렛 힘 고,Let Him Go,,114.0,2020,20201105,개봉,장편,,,,범죄|스릴러|드라마,미국,토마스 베주차,케빈 코스트너|다이안 레인|레슬리 맨빌|제프리 도노반|부부 스튜어트,,유니버설픽쳐스인터내셔널 코리아(유)
20209107,세인트 주디,Saint Judy,,106.0,2017,20200729,개봉,장편,,,,드라마,미국,,미셸 모나한|림 루바니|커먼|알프리드 몰리나|알프레 우다드,,(주)미로스페이스|주식회사 제이씨엔터웍스
20180962,지푸라기라도 잡고 싶은 짐승들,BEASTS CLAWING AT STRAWS,,108.0,2018,20200219,개봉,장편,,,,스릴러|범죄,한국,김용훈,전도연|정우성|배성우|윤여정|정만식,(주)비에이엔터테인먼트,메가박스중앙(주) 플러스엠 엔터테인먼트
19968109,로미오와 줄리엣,Romeo And Juliet,,120.0,1996,19961228,개봉,장편,,,,멜로/로맨스|액션|드라마,미국,바즈 루어만,레오나르도 디카프리오|클레어 데인즈,,이십세기폭스코리아(주)|(주)프레인글로벌
20205902,신과 나: 100일간의 거래,Homestay,,136.0,2018,20200408,개봉,장편,,,,미스터리|스릴러|판타지,기타,팍품 웡품,,,(주)제이앤씨미디어그룹|와이드 릴리즈(주)
20199189,미스 스티븐스,Miss Stevens,,86.0,2016,20190502,개봉,장편,,,,드라마,미국,줄리아 하트,릴리 레이브|티모시 샬라메|릴리 라인하트|앤서니 퀸틀,,(주)티캐스트
20208264,미스비헤이비어,MISBEHAVIOUR,,106.0,2020,20200527,개봉,장편,,,,드라마,영국,필립파 로소프,키이라 나이틀리|제시 버클리|구구 바샤-로|수키 워터하우스|레슬리 맨빌,,판씨네마(주)
20200749,파리의 인어,Une sirene a Paris,,102.0,2020,20200723,개봉,장편,,,,멜로/로맨스|판타지,프랑스,마티아스 마르지유,,,(주)빅웨이브시네마
20198430,나이브스 아웃,KNIVES OUT,,130.0,2018,20191204,개봉,장편,,,,미스터리|스릴러,미국,라이언 존슨,다니엘 크레이그|크리스 에반스|아나 디 아르마스|제이미 리 커티스|마이클 섀넌,,(주)올스타엔터테인먼트
20185047,쿠르스크,Kursk,,117.0,2018,20190116,개봉,장편,,,,드라마,벨기에,토마스 빈터베르그,마티아스 쇼에나에츠|레아 세이두|콜린 퍼스,,(주)제이앤씨미디어그룹|TCO(주)더콘텐츠온
20190621,죽지않는 인간들의 밤,Night of the Undead,,110.0,2019,20200929,개봉,장편,,,,코미디|스릴러,한국,신정원,이정현|김성오|서영희|양동근|이미도,(주)브라더픽쳐스|TCO(주)더콘텐츠온,TCO(주)더콘텐츠온
20205284,매지컬: 공주를 웃겨라,,,81.0,2020,20200917,개봉,장편,,,,애니메이션,한국,정윤철,박지윤|남도형|장광|박상훈|이봉준,애니투아트(주),(주)에이원엔터테인먼트
20205969,걸후드,Girlhood,,113.0,2014,20201112,개봉,장편,,,,드라마,프랑스,셀린 시아마,카리자 투레|아사 실라|마리투 투레|린지 카라모,,(주)영화특별시에스엠씨
20191604,애프터,After,,105.0,2019,20190822,개봉,장편,,,,드라마|멜로/로맨스,미국,제니 게이지,히어로 파인즈 티핀|조세핀 랭포드|셀마 블레어|제니퍼 빌즈|피터 갤러거,,판씨네마(주)
20193801,닥터 슬립,Doctor Sleep,,151.0,2019,20191107,개봉,장편,,,,스릴러,미국,마이크 플래너건,이완 맥그리거|레베카 퍼거슨|카일리 커란|제이콥 트렘블레이,,워너브러더스 코리아(주)
20198403,파이브 피트,Five Feet Apart,,116.0,2019,20190410,개봉,장편,,,,드라마|멜로/로맨스,미국,저스틴 밸도니,콜 스프로즈|헤일리 루 리차드슨|클레어 폴라니|파민더 나그라|모이세스 아리아스,,(주)누리픽쳐스|(주)케이티알파
20208282,더 플랫폼,The Platform,El Hoyo,94.0,2019,20200513,개봉,장편,,,,SF|스릴러,스페인,,,,(주)홈초이스
20209029,아홉 스님,,,71.0,2020,20200527,개봉,장편,,,,드라마,한국,윤성준,진각,(주)퍼스트런|우주레이블,(주)퍼스트런|(주)키다리이엔티
20050112,배트맨 비긴즈,Batman Begins,,134.0,2005,20050624,개봉,장편,,,,범죄|액션|판타지,미국,크리스토퍼 놀란,리암 니슨|크리스찬 베일|마이클 케인,워너 브러더스 픽쳐스,워너브러더스 코리아(주)
20205146,아메리칸 잡,Finding Steve McQueen,,91.0,2019,20200903,개봉,장편,,,,범죄|드라마,미국,마크 스티븐 존슨,트래비스 핌멜|포레스트 휘테커|윌리엄 피츠너|레이첼 테일러,,(주)제이앤씨미디어그룹
20206259,위 섬온 더 다크니스,We Summon The Darkness,,90.0,2019,20200917,개봉,장편,,,,공포(호러)|스릴러,미국,,,,(주)누리픽쳐스
20198421,좀비랜드: 더블 탭,Zombieland: Double Tap,,98.0,2019,20191113,개봉,장편,,,,액션|코미디|공포(호러),미국,루벤 플레셔,우디 해럴슨|제시 아이젠버그|아비게일 브레스린|엠마 스톤,,소니픽쳐스엔터테인먼트코리아주식회사극장배급지점
20192697,미스터 보스,Mr. Boss,,97.0,2020,20201230,개봉,장편,,,,드라마|액션,한국,김형기,공찬|홍은기|이승현|최동구|양정두,(주)더 재미|대쉬 필름|강천산 픽쳐스,(주)스톰픽쳐스코리아|와이드 릴리즈(주)
20196405,극장판 타오르지마 버스터-블랙어썰트의 귀환,The Return of Dark Assault,,73.0,2019,20191205,개봉,장편,,,,코미디|애니메이션|액션|어드벤처,한국,조영광,홍범기|안영미|안효민|최낙윤|강시현,(주)시너지미디어,(주)이수C&E
20192083,터미네이터: 다크 페이트,Terminator: Dark Fate,,128.0,2019,20191030,개봉,장편,,,,액션|어드벤처|SF,미국,팀 밀러,맥켄지 데이비스|아놀드 슈왈제네거|린다 해밀턴|나탈리아 레이즈|가브리엘 루나,,월트디즈니컴퍼니코리아 유한책임회사
20197483,1919 유관순,1919 Yu-kwan-sun,,79.0,2019,20190314,개봉,장편,,,,다큐멘터리,한국,신상민,이새봄|양윤희|김나니|박자희|장세아,유관순문화산업전문유한회사,주식회사 마운틴픽쳐스|(주)케이티알파
20198844,아이 엠 마더,Peppermint,,101.0,2018,20190411,개봉,장편,,,,액션|드라마|스릴러,미국,피에르 모렐,제니퍼 가너|존 갤러거 주니어,,(주)삼백상회|(주)팬엔터테인먼트
20188362,더 프린세스 : 도둑맞은 공주,The Stolen Princess,,88.0,2018,20200812,개봉,장편,,,,애니메이션|판타지,우크라이나,올레말라므,사문영|남도형|서반석|홍진욱|이창민,,(주)팝엔터테인먼트
20175405,뉴 뮤턴트,The New Mutants,,93.0,2020,20200910,개봉,장편,,,,액션|공포(호러)|SF,미국,조쉬 분,메이지 윌리암스|안야 테일러 조이|찰리 히튼|헨리 자가|블루 헌트,,월트디즈니컴퍼니코리아 유한책임회사
20199446,원스 어폰 어 타임... 인 할리우드,Once Upon a Time... in Hollywood,,161.0,2019,20190925,개봉,장편,,,,드라마|코미디,미국,쿠엔틴 타란티노,레오나르도 디카프리오|브래드 피트|마고 로비|에밀 허쉬|마가렛 퀄리,,소니픽쳐스엔터테인먼트코리아주식회사극장배급지점
20209650,택스 콜렉터,The Tax Collector,,95.0,2020,20201118,개봉,장편,,,,액션,미국,데이비드 에이어,샤이아 라보프,,(주)팝엔터테인먼트
20193665,47미터 2,47 METERS DOWN: UNCAGED,,90.0,2019,20190828,개봉,장편,,,,공포(호러)|스릴러,미국,요하네스 로버츠,소피 넬리스|코린 폭스|브리안느 쥬|시스틴 로즈 스탤론,,TCO(주)더콘텐츠온|(주)제이앤씨미디어그룹
20201265,팬데믹,ONLY,,97.0,2020,20200722,개봉,장편,,,,스릴러,미국,,프리다 핀토|레슬리 오덤 주니어,,(주)영화사 빅
20184621,엑시트,EXIT,,103.0,2019,20190731,개봉,장편,,,,코미디|액션,한국,이상근,조정석|임윤아|설도희|최재영|고두심,(주)외유내강|(주)필름케이,(주)씨제이이엔엠
20181164,카센타,NAILED,,97.0,2019,20191127,개봉,장편,,,,범죄|코미디,한국,하윤재|하윤재,박용우|조은지|현봉식|김한종|한수연,팔팔애비뉴(주),(주)트리플픽쳐스
20197392,프렌드 존,Friend Zone,Qu ba! Nv shen bing tuan,119.0,2019,20191030,개봉,장편,,,,멜로/로맨스|코미디,태국,차야놉 분프라콥,,,(주)디스테이션
20199576,러브 앳,Love at Second Sight,Mon inconnue,118.0,2019,20191127,개봉,장편,,,,멜로/로맨스|코미디,프랑스|벨기에,위고 젤랭,프랑수아 시빌,,(주)크리픽쳐스
20185985,광대들: 풍문조작단,Jesters: The Game Changers,,108.0,2019,20190821,개봉,장편,,,,사극,한국,김주호,조진웅|손현주|박희순|고창석|최원영,(주)영화사심플렉스,워너브러더스 코리아(주)
20194384,안나,ANNA,,118.0,2018,20190828,개봉,장편,,,,액션,프랑스,뤽 베송,사샤 루스|킬리언 머피|루크 에반스|헬렌 미렌,,판씨네마(주)
20192804,그것: 두 번째 이야기,It Chapter Two,,169.0,2019,20190904,개봉,장편,,,,스릴러,미국,안드레스 무시에티,제임스 맥어보이|제시카 차스테인|빌 헤이더|제이 라이언|제임스 랜슨,,워너브러더스 코리아(주)
20185881,증인,Innocent Witness,,129.0,2018,20190213,개봉,장편,,,,드라마,한국,이한,정우성|김향기|정우성|이규형|염혜란,(주)무비락|(주)도서관옆스튜디오,롯데컬처웍스(주)롯데엔터테인먼트
20198323,레드슈즈,Red Shoes,,92.0,2019,20190725,개봉,장편,,,,애니메이션|코미디|판타지|어드벤처|멜로/로맨스,한국,홍성호,클로이 모레츠|샘 클라플린|지나 거손|패트릭 워버튼|짐 래쉬,(주)싸이더스,(주)넥스트엔터테인먼트월드(NEW)
20198890,아이즈 온 미 : 더 무비,EYES ON ME : THE MOVIE,,104.0,2019,20200610,개봉,장편,,,,공연,한국,박재석,권은비|미야와키 사쿠라|강혜원|최예나|이채연,씨제이포디플렉스 주식회사,씨제이포디플렉스 주식회사
20190466,세상을 바꾼 변호인,ON THE BASIS OF SEX,,120.0,2018,20190613,개봉,장편,,,,드라마,미국,미미 레더,펠리시티 존스|아미 해머|저스틴 세럭스|캐시 베이츠|샘 워터스톤,,CGV아트하우스
20145141,위플래쉬,Whiplash,,106.0,2014,20150312,개봉,장편,,,,드라마,미국,데이미언 셔젤,마일즈 텔러|J.K. 시몬스,,(주)넥스트엔터테인먼트월드(NEW)|워터홀컴퍼니(주)|(주)쇼박스
20195984,드래곤볼 슈퍼: 브로리,Dragon Ball Super: Broly,ドラゴンボール超（スーパー） ブロリー,99.0,2018,20190214,개봉,장편,,,,애니메이션,일본,나가미네 타츠야,노자와 마사코|호리카와 료,,(주)이수C&E
20198526,쓰리 세컨즈,Three Seconds,,133.0,2019,20190620,개봉,장편,,,,드라마,러시아,안톤 메거딕체브,블라디미르 마쉬코프|존 사베지,,(주)삼백상회
20198603,페이트 스테이 나이트 헤븐즈필 제2장 로스트 버터플라이,Fate/stay night [Heaven's Feel] II.lost butterfly,,117.0,2019,20190321,개봉,장편,,,,애니메이션|액션|판타지,일본,스도 토모노리,스기야마 노리아키|시타야 노리코|카미야 히로시|카와스미 아야코,,(주)애니플러스
20182501,왓칭,Watching,,97.0,2019,20190417,개봉,장편,,,,공포(호러)|스릴러,한국,김성기,강예원|이학주|주석태|임지현|김노진,(주)스토리공감 ,(주)리틀빅픽쳐스
20070602,마녀배달부 키키,Kiki's Delivery Service,魔女の宅急便,102.0,1989,20071122,개봉,장편,,,,애니메이션|드라마|가족|판타지,일본,미야자키 하야오,타카야마 미나미|사쿠마 레이,스튜디오 지브리,(주)스마일이엔티|(주)키다리이엔티|대원미디어(주)
20183385,카오산 탱고,"On the Road, Khaosan Tango",,97.0,2020,20200730,개봉,장편,,,,드라마|멜로/로맨스,한국,김범삼,홍완표|현리|오창경|이재원|유우키 타카시,,(주)영화사 그램
20204432,애비규환,MORE THAN FAMILY,,107.0,2020,20201112,개봉,장편,,,,드라마|코미디,한국,최하나,정수정|장혜진|최덕문|이해영|강말금,(주)아토|(주)모토,(주)리틀빅픽쳐스
20201287,애니멀 크래커,Animal Crackers,,94.0,2017,20200805,개봉,장편,,,,애니메이션|어드벤처|가족|판타지,미국,토니 밴크로프트,존 크래신스키|에밀리 블런트|대니 드비토|이안 맥켈런|실베스터 스탤론,,(주)이수C&E
20196293,파비안느에 관한 진실,The Truth,La vérité,107.0,2019,20191205,개봉,장편,,,,드라마,프랑스,고레에다 히로카즈,까뜨린느 드뇌브|줄리엣 비노쉬|에단 호크,,(주)티캐스트
20180442,사자,The Divine Fury,,128.0,2018,20190731,개봉,장편,,,,미스터리|액션|판타지|공포(호러),한국,김주환,박서준|안성기|우도환|김근영|손우진,(주)키이스트,롯데컬처웍스(주)롯데엔터테인먼트
20207101,헌트,The Hunt,,89.0,2020,20200423,개봉,장편,,,,액션|공포(호러)|스릴러,미국,크레이그 조벨,베티 길핀|힐러리 스웽크|에단 서플리|이케 바린홀츠|웨인 듀발,,유니버설픽쳐스인터내셔널 코리아(유)
20179462,위대한 쇼맨,The Greatest Showman,,104.0,2017,20171220,개봉,장편,,,,드라마|뮤지컬,미국,마이클 그레이시,휴 잭맨|잭 에프런|미쉘 윌리엄스|레베카 퍼거슨|젠데이아 콜먼,,월트디즈니컴퍼니코리아 유한책임회사|이십세기폭스코리아(주)
20192725,명탐정 코난: 감청의 권,Detective Conan: The Fist of Blue Sapphire,名探偵コナン: 紺青の拳,109.0,2019,20190724,개봉,장편,,,,애니메이션,일본,나가오카 치카,타카야마 미나미|야마자키 와카나|코야마 리키야|야마구치 캇페이,,(주)씨제이이엔엠
20200145,할로윈: 살인마 잭,The Legend of Halloween Jack,,83.0,2018,20200721,개봉,장편,,,,공포(호러),영국,앤드류 존스,,,(주)영화사 안다미로
20201174,언플랜드,Unplanned,,109.0,2019,20201217,개봉,장편,,,,드라마,미국,척 콘젤만|캐리 솔로몬,애슐리 브래처|로비아 스캇|브룩스 라이언|엠마 엘리 로버츠|자레드 랏츠,,(주)영화사오원
20192522,슈퍼 레이스,RACETIME,,89.0,2020,20200723,개봉,장편,,,,애니메이션|어드벤처,캐나다,,이명호|서반석|홍수정|박상우|석승훈,,(주)영화사 빅
20174169,기묘한 가족,THE ODD FAMILY : ZOMBIE ON SALE,,111.0,2018,20190213,개봉,장편,,,,코미디|가족,한국,이민재,정재영|김남길|엄지원|이수경|정가람,씨네주 유한회사|오스카10스튜디오,메가박스중앙(주) 플러스엠 엔터테인먼트
20205481,에어로너츠,The Aeronauts,,100.0,2019,20200610,개봉,장편,,,,드라마|어드벤처,영국|미국,톰 하퍼,펠리시티 존스|에디 레드메인|히메쉬 파텔,,(주)홈초이스
20204340,시원찮은 그녀를 위한 육성방법 피날레,Saekano the Movie: Finale,冴えない彼女の育てかた Fine,114.0,2019,20200227,개봉,장편,,,,애니메이션|드라마,일본,,마츠오카 요시츠구,,(주)애니플러스
20192984,극장판 미니특공대: 공룡왕 디노,Miniforce: Dino King,,73.0,2019,20200206,개봉,장편,,,,애니메이션,한국,이영준,신용우|엄상현|양정화|이소영|전태열,(주)에스에이엠지엔터테인먼트,(주)리틀빅픽쳐스
20190545,카운트다운,Countdown,,90.0,2019,20191212,개봉,장편,,,,공포(호러)|스릴러,미국,,,,(주)제이앤씨미디어그룹|TCO(주)더콘텐츠온
20202611,지옥의 묵시록 파이널 컷,APOCALYPSE NOW FINAL CUT,,182.0,1979,20201126,개봉,장편,,,,전쟁|드라마,미국,프란시스 포드 코폴라,말론 브란도|로버트 듀발|마틴 쉰,,(주)디스테이션
20183096,생일,Birthday,,120.0,2018,20190403,개봉,장편,,,,드라마,한국,이종언,설경구|전도연|신안진|김보민|윤찬영,나우필름(주)|(주)영화사레드피터|파인하우스필름(주),(주)넥스트엔터테인먼트월드(NEW)
20181983,이웃사촌,Best Friend,,130.0,2020,20201125,개봉,장편,,,,드라마|코미디,한국,이환경,정우|오달수|김희원|김병철|조현철,(주)시네마허브|환타지엔터테인먼트,(주)리틀빅픽쳐스|(주)트리니티픽쳐스
20198818,프린스 코기,The Queen's Corgi,,82.0,2019,20191224,개봉,장편,,,,애니메이션,벨기에,벤 스타센,심규혁|김리흔|엄상현|김혜성|김현지,,(주)이수C&E
20196828,걸즈 앤 판처 최종장,GIRLS und PANZER das FINALE Part1 and Part2(4DX version),ガールズ＆パンツァー 最終章 第1話+第2話,99.0,2019,20200312,개봉,장편,,,,애니메이션,일본,미즈시마 츠토무,후치가미 마이|카야노 아이|오자키 마미|나카가미 이쿠미|이구치 유카,,(주)디스테이션
20201052,그리고 우린 춤을 추었다,And Then We Danced,,112.0,2019,20201125,개봉,장편,,,,드라마,프랑스,레반 아킨,레반 겔바키아니|바치 발리시빌리|아나 자바히슈빌리,,(주)엣나인필름
20168773,마약왕,The Drug King,,139.0,2017,20181219,개봉,장편,,,,범죄|드라마,한국,우민호,송강호|조정석|배두나|김소진|김대명,(주)하이브미디어코프,(주)쇼박스
20201002,조제,Josée,,116.0,2020,20201210,개봉,장편,,,,멜로/로맨스|드라마,한국,김종관,한지민|남주혁|허진|박예진|조복래,볼미디어(주) ,워너브러더스 코리아(주)
20190270,나의 히어로 아카데미아 더 무비: 두 명의 히어로,MY HERO ACADEMIA: Two Heroes,僕のヒーローアカデミア THE MOVIE ~2人の英雄 (ヒーロー)~,95.0,2018,20190516,개봉,장편,,,,애니메이션,일본,나가사키 켄지,야마시타 다이키|오카모토 노부히코|미야케 켄타|시다 미라이,,(주)리틀빅픽쳐스
20208241,하이큐!! 또 다른 도전,"Haikyu!! OVA1, Haikyu!! OVA2 and Haikyu!! OVA3",,68.0,2019,20200514,개봉,장편,,,,애니메이션,일본,미츠나카 스스무,,,(주)삼백상회
20020222,해리포터와 비밀의 방,Harry Potter And The Chamber Of Secrets,,161.0,2002,20021213,개봉,장편,,,,드라마,미국,크리스 콜럼버스,다니엘 래드클리프|엠마 왓슨|루퍼트 그린트,,워너브러더스 코리아(주)
20184133,어제 일은 모두 괜찮아,The Fault Is Not Yours,,107.0,2019,20191121,개봉,장편,,,,드라마,한국,이성한,김재철|윤찬영|손상연|김민주|김진영,(주)부영엔터테인먼트,(주)삼백상회
20182588,미래의 미라이,MIRAI,未来のミライ(,97.0,2018,20190116,개봉,장편,,,,애니메이션,일본,호소다 마모루,쿠로키 하루|카미시라이시 모카|야쿠쇼 코지|후쿠야마 마사하루,,메가박스중앙(주) 플러스엠 엔터테인먼트
20202381,주식회사 스페셜액터스,Special Actors,,109.0,2019,20200806,개봉,장편,,,,코미디,일본,우에다 신이치로,오오사와 카즈토|코노 히로키|후지 타쿠야,,찬란
20190273,천로역정: 천국을 찾아서,The Pilgrim's Progress,,113.0,2019,20190613,개봉,장편,,,,애니메이션|어드벤처,미국,로버트 페르난데스,,,(재)CBS|주식회사 마운틴픽쳐스
20204681,더 보이 2: 돌아온 브람스,Brahms: The Boy Ⅱ,,86.0,2020,20200305,개봉,장편,,,,공포(호러)|미스터리|스릴러,미국,윌리엄 브렌트 벨,케이티 홈즈|크리스토퍼 컨버리|오와인 예만|랄프 아인슨,,(주)팝엔터테인먼트
20195743,신데렐라:마법 반지의 비밀,Cinderella and The Secret Prince,,87.0,2018,20190220,개봉,장편,,,,애니메이션|판타지,미국,린 사우더랜드,사문영|김혜성|남도형|시영준|김경희,,예지림엔터테인먼트
20197691,잃어버린 세계를 찾아서,Missing Link,,94.0,2019,20191009,개봉,장편,,,,애니메이션|어드벤처,미국,크리스 버틀러,휴 잭맨|조 샐다나|자크 갈리피아나키스|엠마 톰슨,,(주)이수C&E
20184187,언니,No Mercy,,93.0,2018,20190101,개봉,장편,,,,액션,한국,임경택,이시영|박세완|이준혁|최진호|강민범,필름에이픽쳐스|(유)조이앤시네마,(주)제이앤씨미디어그룹|TCO(주)더콘텐츠온
20197853,잔칫날,Festival,,108.0,2020,20201202,개봉,장편,,,,드라마|가족,한국,김록경,하준|소주연|이지현|오치운|이정은,스토리텔러 픽처스,(주)트리플픽쳐스
20200144,기묘한 이야기: 리플레이,They Reach,,88.0,2020,20200823,개봉,장편,,,,어드벤처|공포(호러),미국,,,,(주)영화사 안다미로
20182544,글래스,Glass,,129.0,2018,20190117,개봉,장편,,,,드라마|미스터리|SF|스릴러,미국,M. 나이트 샤말란,제임스 맥어보이|브루스 윌리스|사무엘 L. 잭슨|안야 테일러 조이|사라 폴슨,,월트디즈니컴퍼니코리아 유한책임회사
20197336,허슬러,Hustlers,,109.0,2019,20191127,개봉,장편,,,,범죄|드라마,미국,로렌 스카파리아,제니퍼 로페즈|콘스탄스 우|릴리 라인하트|줄리아 스타일즈,,(주)제이앤씨미디어그룹|TCO(주)더콘텐츠온
20196716,유령선,Ghost Ship,,48.0,2019,20200415,개봉,장편,,,,다큐멘터리,한국,김지영,박호산|김지영|심우성,(주)왝더독,(주)엣나인필름
20207893,프리즌 이스케이프,ESCAPE FROM PRETORIA,,106.0,2020,20200506,개봉,장편,,,,어드벤처|스릴러,영국|호주,,다니엘 래드클리프|이안 하트,,(주)이놀미디어
20207501,그집,32 Malasana Street,Malasaña 32,104.0,2020,20200527,개봉,장편,,,,공포(호러)|스릴러,스페인,,,,(주)제이앤씨미디어그룹|TCO(주)더콘텐츠온
20198315,캔 유 킵 어 시크릿?,Can You Keep a Secret?,,94.0,2019,20191107,개봉,장편,,,,멜로/로맨스,미국,,레버른 콕스,,(주)팝엔터테인먼트
20202203,에이바,Ava,,97.0,2020,20200909,개봉,장편,,,,액션|범죄|드라마,미국,테이트 테일러,제시카 차스테인|콜린 파렐|존 말코비치,,(주)제이앤씨미디어그룹
20199814,킹 오브 프리즘 –샤이니 세븐 스타즈- II 카케루x조지x미나토,KING OF PRISM -Shiny Seven Stars- II,KING OF PRISM -Shiny Seven Stars- II カケル×ジョージ×ミナト,70.0,2019,20190404,개봉,장편,,,,애니메이션,일본,히시다 마사카즈,,,동우에이앤이(주)
20205216,호프,Hope,Håp,125.0,2019,20201217,개봉,장편,,,,드라마,기타,마리아 소달,스텔란 스카스가드|안드레아 베인 호픽,,(주)이놀미디어
20197147,어글리 돌,UglyDolls,UGLYDOLLS,87.0,2019,20190501,개봉,장편,,,,애니메이션,미국,캘리 애스버리,켈리 클락슨|닉 조나스|자넬 모네|핏불,,판씨네마(주)
20193821,극장판 헬로카봇 : 달나라를 구해줘!,Hello Carbot the Movie: Save the Moon,,75.0,2019,20190904,개봉,장편,,,,애니메이션,한국,김진철|최신규,이지현|김용준|양정화|조경이|사문영,(주)초이락컨텐츠팩토리,롯데컬처웍스(주)롯데엔터테인먼트
20204008,그린랜드,Greenland,,119.0,2020,20200929,개봉,장편,,,,액션|스릴러,미국,릭 로먼 워,제라드 버틀러|모레나 바카린,,(주)제이앤씨미디어그룹|TCO(주)더콘텐츠온
20203842,페이트 스테이 나이트 헤븐즈필 제3장 스프링 송,Fate/stay night [Heaven's Feel] Ⅲ. spring song,,122.0,2020,20201022,개봉,장편,,,,애니메이션|액션|판타지,일본,스도 토모노리,스기야마 노리아키|시타야 노리코,,(주)애니플러스
20191408,21 브릿지: 테러 셧다운,21 Bridges,,99.0,2019,20200101,개봉,장편,,,,스릴러|드라마|범죄,미국,브라이언 커크,채드윅 보스만|J.K. 시몬스|시에나 밀러|테일러 키취,,(주)드림팩트엔터테인먼트|(주)제이앤씨미디어그룹|TCO(주)더콘텐츠온
20205001,도망친 여자,The Woman Who Ran,,77.0,2019,20200917,개봉,장편,,,,드라마,한국,홍상수,김민희|서영화|송선미|김새벽|권해효,(주)영화제작전원사 ,(주)영화제작전원사 |(주)콘텐츠판다
19930117,하워즈 엔드,Howards End,,142.0,1993,19930410,개봉,장편,,,,드라마|멜로/로맨스,영국,제임스 아이보리,안소니 홉킨스|바네사 레드그레이브|엠마 톰슨|헬레나 본햄 카터|사무엘 웨스트,머천트 아이버리 프로덕션즈,알토미디어(주)
20167904,라라랜드,LA LA LAND,,127.0,2016,20161207,개봉,장편,,,,드라마|뮤지컬|멜로/로맨스,미국,데이미언 셔젤,엠마 스톤|라이언 고슬링|핀 위트록|J.K. 시몬스|로즈마리 드윗,,판씨네마(주)
20192151,미드소마,Midsommar,,147.0,2019,20190711,개봉,장편,,,,공포(호러),미국,아리 에스터,플로렌스 퓨|잭 레이너|윌 폴터|윌리엄 잭슨 하퍼,,(주)팝엔터테인먼트
20192399,1917,1917,,119.0,2019,20200219,개봉,장편,,,,드라마|전쟁,미국,샘 멘데스,조지 맥케이|딘-찰스 채프먼|콜린 퍼스|베네딕트 컴버배치|마크 스트롱,,(주)스마일이엔티
20192401,포드 V 페라리,FORD v FERRARI,,152.0,2019,20191204,개봉,장편,,,,액션|드라마,미국,제임스 맨골드,맷 데이먼|크리스찬 베일,,월트디즈니컴퍼니코리아 유한책임회사
19990220,노팅 힐,Notting Hill,Notting Hill,124.0,1999,19990703,개봉,장편,,,,멜로/로맨스|코미디,미국|영국,로저 미첼,줄리아 로버츠|휴 그랜트,폴리그램 필름드 엔터테인먼트|워킹 타이틀 필름,유니버설픽쳐스인터내셔널 코리아(유)
20186261,드래곤 길들이기 3,How to Train Your Dragon 3,How to Train Your Dragon: The Hidden World,104.0,2018,20190130,개봉,장편,,,,애니메이션,미국,딘 데블로이스,제이 바루첼|아메리카 페레라|케이트 블란쳇|킷 해링턴|크레이그 퍼거슨,,유니버설픽쳐스인터내셔널 코리아(유)
20188421,미스터 주: 사라진 VIP,MR. ZOO: THE MISSING VIP,,113.0,2018,20200122,개봉,장편,,,,코미디|드라마,한국,김태윤,이성민|김서형|배정남|신하균|안윤상,리양필름(주),메가박스중앙(주) 플러스엠 엔터테인먼트|(주)리틀빅픽쳐스
20181103,벌새,House of Hummingbird,,138.0,2018,20190829,개봉,장편,,,,드라마,한국,김보라,박지후|김새벽|정인기|이승연|박수연,에피파니(주),(주)엣나인필름|(주)콘텐츠판다
20196380,몬스터 하우스,GNOME ALONE,,85.0,2017,20191003,개봉,장편,,,,애니메이션|어드벤처,캐나다,피터 레페니오티스,,,(주)박수엔터테인먼트
20196773,남매의 여름밤,Moving On,,104.0,2019,20200820,개봉,장편,,,,드라마,한국,윤단비,박현영|양흥주|최정운|박승준|강석원,오누필름,그린나래미디어(주)
20209005,무협: 더 코드,Wu Xia 2 the Code,,79.0,2019,20200622,개봉,장편,,,,액션,미국,조니 우,,,(주)영화사 안다미로
20195462,스타워즈: 라이즈 오브 스카이워커,Star Wars: The Rise of Skywalker,,141.0,2019,20200108,개봉,장편,,,,액션|어드벤처|판타지|SF,미국,J.J. 에이브럼스,데이지 리들리|아담 드라이버|오스카 아이삭|존 보예가,,월트디즈니컴퍼니코리아 유한책임회사
19888010,시네마 천국,Cinema Paradiso,Nuovo Cinema Paradiso,124.0,1988,19900707,개봉,장편,,,,드라마|멜로/로맨스,프랑스|이탈리아,쥬세페 토르나토레,자끄 페렝|필립 느와레|살바토레 카시오|마르코 레오나르디|브리지트 포세이,,주식회사 왓챠|(주)팝엔터테인먼트
20196705,집 이야기,I Am Home,,92.0,2019,20191128,개봉,장편,,,,드라마,한국,박제범,이유영|강신일|조현식|서영화|황은후,(주)영화사지음,CGV아트하우스
20208265,루팡 3세: 더 퍼스트,Lupin III: The First,ルパン三世 THE FIRST,92.0,2020,20200521,개봉,장편,,,,애니메이션,일본,야마자키 타카시,쿠리타 카니치|히로세 스즈|후지와라 타츠야,,(주)넥스트엔터테인먼트월드(NEW)
20199822,더 보이,Brightburn,,90.0,2019,20190523,개봉,장편,,,,공포(호러)|SF,미국,데이빗 야로베스키,잭슨 A. 던|엘리자베스 뱅크스|데이빗 덴맨,,소니픽쳐스엔터테인먼트코리아주식회사극장배급지점
20198043,아픈 만큼 사랑한다,LOVE AS MUCH AS PAIN,,86.0,2019,20190403,개봉,장편,,,,다큐멘터리,한국,임준현,박누가|추상미|김주희|이규석|김정옥,KBS 미디어|(주)드림팩트엔터테인먼트,(주)드림팩트엔터테인먼트
20193911,"하이, 젝시",Jexi,,84.0,2019,20200219,개봉,장편,,,,코미디,미국,스콧 무어|존 루카스,아담 드바인|로즈 번,,(주)홈초이스
20185485,보헤미안 랩소디,Bohemian Rhapsody,,134.0,2018,20181031,개봉,장편,,,,드라마,미국,브라이언 싱어,라미 말렉|조셉 마젤로|마이크 마이어스|루시 보인턴,,월트디즈니컴퍼니코리아 유한책임회사|이십세기폭스코리아(주)
20208370,베이비티스,Babyteeth,,117.0,2019,20201022,개봉,장편,,,,코미디|드라마,호주,,엘리자 스캔런|벤 멘델슨|에시 데이비스,,엠엔엠인터내셔널(주)
20204342,캣츠토피아,Cats and Peachtopia,,85.0,2018,20200430,개봉,장편,,,,판타지|애니메이션,중국,게리 왕,더못 멀로니|유민상|오나미|박지현,,(주)버킷스튜디오
20198982,크게 될 놈,,,108.0,2018,20190418,개봉,장편,,,,드라마,한국,강지은,김해숙|손호준|남보라|박원상|정자영,밀짚모자영화사(주),(주)영화사오원
20191342,폴라로이드,Polaroid,,88.0,2019,20190606,개봉,장편,,,,공포(호러),미국,라스 클리브버그,캐서린 프레스콧|크리스 영,,(주)이수C&E
20208617,인베이젼 2020,Invasion,,130.0,2020,20200701,개봉,장편,,,,SF,러시아,표도르 본다르추크,이리나 스타르셴바움|알렉산더 페트로브,,(주)제이앤씨미디어그룹
20206684,에브리타임 아이 다이,Every Time I Die,,97.0,2019,20201021,개봉,장편,,,,미스터리|스릴러,미국,로비 마이클,드류 폰테이로|마크 멘차카|미셀 마세도,,(주)다자인소프트
20193450,반도,Peninsula,,115.0,2020,20200715,개봉,장편,,,,액션|드라마,한국,연상호,강동원|이정현|권해효|김민재|구교환,(주)영화사레드피터,(주)넥스트엔터테인먼트월드(NEW)
20206424,사랑하고 있습니까,Are you in love,,107.0,2019,20200325,개봉,장편,,,,판타지|멜로/로맨스,한국,김정권,김소은|성훈|김선웅|김소혜|판도,(주)강철필름,주식회사 블루필름웍스
20185576,콜드 체이싱,Cold Pursuit,,118.0,2019,20190220,개봉,장편,,,,액션,영국,한스 페터 몰란트,리암 니슨|톰 베이트먼|윌리엄 포사이스|에미 로섬|로라 던,,(주)제이앤씨미디어그룹|TCO(주)더콘텐츠온
20191601,극장판 엉덩이 탐정: 화려한 사건 수첩,Butt Detective The Movie,劇場版おしりたんてい：カレーなる事件,68.0,2019,20190711,개봉,장편,,,,애니메이션,일본,히라야마 미호,김은아|소연|홍진욱|남도형|이장원,,(주)넥스트엔터테인먼트월드(NEW)
20128588,"그 시절, 우리가 좋아했던 소녀",You Are the Apple of My Eye,那些年，我們一起追的女孩,107.0,2011,20120822,개봉,장편,,,,멜로/로맨스,대만,구파도,가진동|첸옌시|언승우,,(주)제이앤씨미디어그룹|와이드 릴리즈(주)|(주)이놀미디어|(주)드림팩트엔터테인먼트|(주)미로스페이스|씨너스엔터테인먼트(주)|(주)미로비젼|(주)박수엔터테인먼트
20191589,말레피센트 2,Maleficent: Mistress of Evil,,118.0,2019,20191017,개봉,장편,,,,어드벤처|가족|판타지,미국,요아킴 뢰닝,안젤리나 졸리|엘 패닝|미셀 파이퍼,,월트디즈니컴퍼니코리아 유한책임회사
20204684,브레이크 더 사일런스: 더 무비,Break the Silence: The Movie,,89.0,2020,20200924,개봉,장편,,,,다큐멘터리,한국,박준수,김남준|김석진|민윤기|정호석|박지민,(주)하이브,씨지브이 아이스콘
20206190,서치 아웃,Search Out,,92.0,2019,20200415,개봉,장편,,,,스릴러,한국,곽정,이시언|김성철|허가윤|김서연|주시현,(주)디엔와이,(주)스톰픽쳐스코리아|(주)삼백상회
20202204,더 렌탈 : 소리없는 감시자,The Rental,,88.0,2020,20200916,개봉,장편,,,,공포(호러)|스릴러,미국,데이브 프랑코,댄 스티븐스|알리슨 브리|셰일라 밴드,,(주)제이앤씨미디어그룹
20128386,라이프 오브 파이,Life of Pi,,126.0,2012,20130101,개봉,장편,,,,어드벤처|드라마,미국,이안,수라즈 샤르마|이르판 칸|라프 스팰,,주식회사 해리슨앤컴퍼니|이십세기폭스코리아(주)
20194715,산티아고의 흰 지팡이,Buen Camino,,98.0,2019,20200319,개봉,장편,,,,다큐멘터리,한국,이종은,김다희|박재한|인영균 신부|권형정|김여진,제이리미디어,제이리미디어
20189385,몬스터 파크,Here Comes the Grump,,86.0,2018,20190123,개봉,장편,,,,애니메이션|어드벤처|코미디|가족|판타지,영국|멕시코,안드레스 코투리어,토드 레스닉,,(주)박수엔터테인먼트
20190002,롱 샷,LONG SHOT,,124.0,2019,20190724,개봉,장편,,,,코미디,미국,조나단 레빈,샤를리즈 테론|세스 로건,,TCO(주)더콘텐츠온|(주)제이앤씨미디어그룹
20201105,극장판 기븐,Given the Movie,,59.0,2020,20201126,개봉,장편,,,,애니메이션|멜로/로맨스,일본,야마구치 히카루,야노 쇼고|우치다 유우마|나카자와 마사토모|에구치 타쿠야,,(주)애니플러스
20197922,다만 악에서 구하소서,DELIVER US FROM EVIL,,107.0,2019,20200805,개봉,장편,,,,범죄|액션,한국,홍원찬,황정민|이정재|박정민|박소이|최희서,(주)하이브미디어코프,(주)씨제이이엔엠
20189973,카일라스 가는 길,Journey to Kailash,,89.0,2018,20200903,개봉,장편,,,,다큐멘터리,한국,정형민,,빅트리,(주)영화사 진진
20193263,너와 파도를 탈 수 있다면,Ride Your Wave,きみと、波にのれたら,95.0,2019,20200708,개봉,장편,,,,애니메이션|멜로/로맨스,일본,유아사 마사아키,카타요세 료타|카와에이 리나|마츠모토 호노카|이토 켄타로,,메가박스중앙(주) 플러스엠 엔터테인먼트
20199923,라플라스의 마녀,Laplace's Witch,ラプラスの魔女,115.0,2018,20190509,개봉,장편,,,,미스터리|스릴러,일본,미이케 다카시,사쿠라이 쇼|히로세 스즈|후쿠시 소타|타마키 히로시|릴리 프랭키,,(주)영화사 빅
20191109,페인 앤 글로리,Dolor y gloria,,113.0,2019,20200205,개봉,장편,,,,드라마,스페인,페드로 알모도바르,페넬로페 크루즈|안토니오 반데라스,,(주)제이앤씨미디어그룹
20166602,그대 이름은 장미,ROSEBUD,,125.0,2016,20190116,개봉,장편,,,,코미디,한국,조석현,유호정|박성웅|오정세|채수빈|하연수,(주)엠씨엠씨,(주)리틀빅픽쳐스
20190923,킹 오브 프리즘 -샤이니 세븐 스타즈- Ⅲ 레오×유우×알렉,KING OF PRISM -Shiny Seven Stars- III レオ×ユウ×アレク,,70.0,2019,20190502,개봉,장편,,,,애니메이션,일본,히시다 마사카즈,,,동우에이앤이(주)
20202201,아디오스,Adios,Adiós,114.0,2019,20200722,개봉,장편,,,,액션|스릴러,스페인,파코 카베자스,마리오 카사스|나탈리아 드 몰리나,,(주)이놀미디어
20182387,엑스맨: 다크 피닉스,X-MEN: DARK PHOENIX,,113.0,2019,20190605,개봉,장편,,,,액션|어드벤처|SF,미국,사이먼 킨버그,제임스 맥어보이|마이클 패스벤더|제니퍼 로렌스|니콜라스 홀트|소피 터너,,이십세기폭스코리아(주)
20197032,후쿠오카,FUKUOKA,,85.0,2019,20200827,개봉,장편,,,,드라마,한국,장률,권해효|윤제문|박소담|야마모토 유키|오세현,(주)률필름,(주)률필름|㈜인디스토리
20207103,블러드 킬,Beyond the Law,,89.0,2020,20200928,개봉,장편,,,,범죄|액션,미국,제임스 쿨렌 브레삭,스티븐 시걸|조니 메스너|디엠엑스,,노바엔터테인먼트 
20199954,해피타임 스파이,The Happytime Murders,,91.0,2018,20190523,개봉,장편,,,,코미디|범죄|미스터리,미국,브라이언 핸슨,멜리사 맥카시|엘리자베스 뱅크스|마야 루돌프,,(주)제이앤씨미디어그룹
20202281,극장판 짱구는 못말려: 신혼여행 허리케인~ 사라진 아빠!,Crayon Shin-chan: Honeymoon Hurricane ~The Lost Hiroshi~,,99.0,2019,20200820,개봉,장편,,,,애니메이션,일본,하시모토 마사카즈,박영남|김환진|강희선|여민정|정유미,,(주)씨제이이엔엠
20191781,북클럽,Book Club,,103.0,2018,20190620,개봉,장편,,,,코미디,미국,빌 홀더먼,다이안 키튼|제인 폰다|앤디 가르시아|메리 스틴버겐|캔디스 버겐,,(주)영화사 진진
20196409,뱅드림! 필름 라이브,BanG Dream! Film Live,,72.0,2019,20190926,개봉,장편,,,,애니메이션,일본,우메츠 토모미,아이미|마에시마 아미|오오츠카 사에|이토 미쿠|니시모토 리미,,(주)애니플러스
20185406,헬보이,Hellboy,,120.0,2019,20190410,개봉,장편,,,,액션|어드벤처|판타지,미국,닐 마샬,데이빗 하버|밀라 요보비치|이안 맥쉐인|대니얼 대 킴,,메가박스중앙(주) 플러스엠 엔터테인먼트
20188124,레옹 디 오리지널,LEON,,110.0,1994,20200611,개봉,장편,,,,액션|범죄|드라마,프랑스,뤽 베송,장 르노|나탈리 포트만|게리 올드만,,(주)제이앤씨미디어그룹
20201687,기기괴괴 성형수,Beauty Water,,85.0,2020,20200909,개봉,장편,,,,공포(호러)|스릴러,한국,조경훈,문남숙|장민혁|조현정|김보영|최승훈,(주)에스에스애니멘트 |(주)스튜디오 애니멀,(주)트리플픽쳐스
20190735,마티아스와 막심,Matthias & Maxime,,120.0,2019,20200723,개봉,장편,,,,드라마,캐나다,자비에 돌란,자비에 돌란|가브리엘 달메이다 프레이타스,,(주)엣나인필름
19910247,터미네이터2 3D,Terminator II,Terminator II : Judgment Day,137.0,1991,19910706,개봉,장편,,,,액션|SF|스릴러,미국,제임스 카메론,아놀드 슈왈제네거|린다 해밀턴|에드워드 펄롱,,(주)제이앤씨미디어그룹|(주)드림팩트엔터테인먼트
20192240,작은 아씨들,Little Women,,134.0,2019,20200212,개봉,장편,,,,드라마|멜로/로맨스,미국,그레타 거윅,시얼샤 로넌|엠마 왓슨|플로렌스 퓨|엘리자 스캔런|로라 던,,소니픽쳐스엔터테인먼트코리아주식회사극장배급지점
20207722,저 산 너머,BEYOND THE MOUNTAIN,,111.0,2019,20200430,개봉,장편,,,,드라마,한국,최종태,이항나|이경훈|안내상|강신일|송창의,리온픽쳐스(주),(주)리틀빅픽쳐스
20188404,암전,Warning: Do Not Play,,85.0,2018,20190815,개봉,장편,,,,미스터리|공포(호러),한국,김진원,서예지|진선규|서석규|서정우|진선규,주식회사 토닉프로젝트|(주)아이뉴컴퍼니,TCO(주)더콘텐츠온
20209771,가나의 혼인잔치: 언약,Before the Wrath,,73.0,2020,20201126,개봉,장편,,,,다큐멘터리|드라마,미국,,장광,,(재)CBS|주식회사 블루필름웍스
20178401,검객,The Swordsman,,100.0,2020,20200923,개봉,장편,,,,액션,한국,최재훈,장혁|김현수|조 타슬림|정만식|이나경,오퍼스픽쳐스(유),(주)키위미디어그룹|오퍼스픽쳐스(유)|(주)씨네필운
20193288,숀더쉽 더 무비: 꼬마 외계인 룰라!,A Shaun the Sheep MOVIE: FARMAGEDDON,,87.0,2019,20200219,개봉,장편,,,,애니메이션|어드벤처|코미디,영국,리처드 펠런|윌 베처,,,TCO(주)더콘텐츠온
20203921,슈퍼스타 뚜루,Turu,,79.0,2019,20200604,개봉,장편,,,,뮤지컬|애니메이션,스페인,,이다은|김보나|서반석,,(주)박수엔터테인먼트
20203561,O.J. 심슨 사건 파일,The Murder of Nicole Brown Simpson,,85.0,2020,20200805,개봉,장편,,,,스릴러,미국,다니엘 패런즈,미나 수바리|닉 스탈,,(주)스마일이엔티
20196323,더 와이프,The Wife,,100.0,2017,20190227,개봉,장편,,,,드라마,영국,비욘 룬게,글렌 클로즈|조나단 프라이스|맥스 아이언스|크리스찬 슬레이터,,(주)팝엔터테인먼트
20183773,장난스런 키스,Fall in Love at First Kiss,一吻定情,122.0,2018,20190327,개봉,장편,,,,멜로/로맨스,대만,프랭키 첸,왕대륙|임윤,,오드|(주)홈초이스
20194424,소리도 없이,Voice of Silence,,99.0,2020,20201015,개봉,장편,,,,범죄|드라마,한국,홍의정,유아인|유재명|문승아|이가은|조하석,(주)루이스 픽쳐스|(주)브로콜리픽쳐스,(주)에이스메이커무비웍스
20199816,담보,Pawn,,113.0,2020,20200929,개봉,장편,,,,드라마,한국,강대규,성동일|하지원|김희원|박소이|김재화,(주)제이케이필름|(주)레드로버|(주)씨제이이엔엠|(주)영화사연,(주)씨제이이엔엠
20186324,언더독,Underdog,,101.0,2018,20190116,개봉,장편,,,,애니메이션,한국,이춘백|오성윤,도경수|박소담|박철민|탁원정|한신정,(주)오돌또기 ,(주)넥스트엔터테인먼트월드(NEW)
20080850,공포분자,The Terrorizers,恐怖份子,108.0,1986,20200917,개봉,장편,,,,드라마,기타,에드워드 양,무건인|왕 안,,(주)에이썸엔터테인먼트
20192193,도굴,Collectors,,114.0,2020,20201104,개봉,장편,,,,범죄,한국,박정배,이제훈|조우진|신혜선|임원희,(주)싸이런픽쳐스,(주)씨제이이엔엠
20081056,다크 나이트,The Dark Knight,,152.0,2008,20080806,개봉,장편,,,,범죄|드라마|액션|미스터리,미국,크리스토퍼 놀란,크리스찬 베일|마이클 케인|히스 레저|아론 에크하트|매기 질렌할,,주식회사 해리슨앤컴퍼니|워너브러더스 코리아(주)
20192001,피터팬: 후크 선장과 결투의 날,Peter Pan: The Quest for the Never Book,,88.0,2018,20190530,개봉,장편,,,,애니메이션|어드벤처,아일랜드,찬드라세카란,,,(주)팝엔터테인먼트
20193836,핑크퐁 시네마 콘서트 : 우주대탐험,,,66.0,2019,20200130,개봉,장편,,,,애니메이션,한국,변희선,조경이|김서영|김은아|정재헌|김령희,더핑크퐁컴퍼니(주),더핑크퐁컴퍼니(주)
20192982,애드 아스트라,AD ASTRA,,122.0,2019,20190919,개봉,장편,,,,SF|스릴러,미국,제임스 그레이,브래드 피트|토미 리 존스|리브 타일러|루스 네가|도날드 서덜랜드,,이십세기폭스코리아(주)
20176251,내안의 그놈,The Dude in Me,,122.0,2018,20190109,개봉,장편,,,,판타지|코미디,한국,강효진,박성웅|진영|라미란|이수민|이준혁,(주)에코필름|(주)전망좋은 영화사,(주)메리크리스마스|TCO(주)더콘텐츠온
20200836,트로이 디렉터스 컷,Troy: Director’s Cut,,196.0,2004,20200703,개봉,장편,,,,전쟁|액션|드라마,미국,볼프강 페터젠,브래드 피트|에릭 바나|올랜도 블룸,플랜 비 엔터테인먼트|워너 브러더스 픽쳐스,판씨네마(주)
20190864,울프 콜,The Wolf's Call,,115.0,2019,20200305,개봉,장편,,,,액션|스릴러,프랑스,안토닌 보드리,프랑수아 시빌|오마 사이|마티유 카소비츠|레다 카텝,,판씨네마(주)
20185241,칠드런 액트,The Children Act,,105.0,2017,20190704,개봉,장편,,,,드라마,영국,리차드 이어,엠마 톰슨|스탠리 투치|핀 화이트헤드|벤 채플린,,(주)홈초이스
20192604,오즈의 마법사: 요술구두와 말하는 책,Fantastic Return to OZ,,76.0,2019,20200122,개봉,장편,,,,애니메이션|코미디|가족,러시아,,,,(주)박수엔터테인먼트
20177282,리노,Lino - Adventure of Seven Lives,Lino: Uma Aventura de Sete Vidas,88.0,2017,20190307,개봉,장편,,,,애니메이션|어드벤처|가족,브라질,라파엘 리바스,,,(주)스톰픽쳐스코리아
20198023,고릴라와 슈퍼레이스,Louis & Nolan: The big Cheese Race,,77.0,2017,20190403,개봉,장편,,,,애니메이션,노르웨이,라스무스 A. 실버르센,,,와이드 릴리즈(주)
20201122,테넷,Tenet,,149.0,2020,20200826,개봉,장편,,,,액션|SF,미국,크리스토퍼 놀란,존 데이비드 워싱턴|로버트 패틴슨|엘리자베스 데비키|애론 테일러 존슨|마이클 케인,,워너브러더스 코리아(주)
20185986,진범,The Culprit,,100.0,2018,20190710,개봉,장편,,,,스릴러,한국,고정욱,송새벽|유선|장혁진|오민석|윤송아,(주)빅오션이엔엠|(주)트러스트스튜디오,(주)리틀빅픽쳐스
20181416,유열의 음악앨범,Tune in for Love,,122.0,2019,20190828,개봉,장편,,,,멜로/로맨스|드라마,한국,정지우,김고은|정해인|최강희|박해준|김국희,(주)무비락|정지우 필름|(주)필름봉옥,CGV아트하우스
20195002,블랙머니,BLACK MONEY,Zealarabi,113.0,2019,20191113,개봉,장편,,,,범죄|드라마,한국,정지영,조진웅|이하늬|이경영|강신일|최덕문,유한회사 질라라비|(주)아우라픽처스,(주)에이스메이커무비웍스
20207983,안녕까지 30분,Our 30-minute Sessions,サヨナラまでの30分,114.0,2019,20201014,개봉,장편,,,,판타지|멜로/로맨스,일본,,키타무라 타쿠미,,(주)디스테이션
20198184,빅 2: 황금열쇠 대소동,Norm of the North: Keys to the Kingdom,,91.0,2017,20191030,개봉,장편,,,,애니메이션|가족|코미디|어드벤처,인도,,서반석|김보나|이다은|최정윤,,(주)영화사 그램
20161827,로건,Logan,,137.0,2017,20170301,개봉,장편,,,,액션|SF,미국,제임스 맨골드,휴 잭맨|패트릭 스튜어트|보이드 홀브룩|스테판 머천트|리차드 E. 그랜트,,월트디즈니컴퍼니코리아 유한책임회사|이십세기폭스코리아(주)
